,index,amount
0,Tiger Global Management,3713.875
1,Susquehanna Growth Equity,66.3992505
2,Sequoia Capital India,1485.8450592857143
3,Vinod Khatumal,24.75
4,Sprout Venture Partners,14.85
5,Chiratae Ventures,84.15
6,Ant Financial,4042.5
7,Sathguru Catalyzer Advisors,49.5
8,Ping An Global Voyager Fund,577.5
9,Mumbai Angels,263.66607142857146
10,Ravikanth Reddy,206.25
11,SAIF Partners,1479.4705357142857
12,Spring Canter Investment Ltd.,82.5
13,Paytm,399.89125
14,NPTK,33.0
15,Sabre Partners and Neoplux,33.0
16,Vertex Growth Fund,247.5
17,Ruizheng Investment,16.5
18,Manipal Education and Medical Group (MEMG),424.875
19,SoftBank Vision Fund,4896.375
20,Sequoia,495.0
21,CapitalG,563.0625
22,Accel,489.5
23,Sauce.vc,2.00475
24,Rainforest Ventures,2.00475
25,Prime Venture Partners,91.36875
26,LetsVenture,32.87625
27,PS1 Venture and GlobalLogic co-founder Rajul Garg,4.125
28,RB Investments,263.395
29,DG Daiwa Ventures,49.5
30,DG Incubation,49.5
31,Trifecta Capital Advisors,214.5
32,FinTech,143.64293625
33,Dream Incubator,40.156875
34,Altimeter Capital,3414.3214285714284
35,Sutter Hill Ventures,556.875
36,Startup Buddy,3.50625
37,Amour Infrastructure,1815.0
38,Ackermans & van Haaren,32.5875
39,HealthQuad,32.5875
40,Rebright Partners,42.9
41,Toppan Printing,32.5875
42,Matrix Partners,1419.8014285714287
43,Stellaris Venture Partners,807.7614285714286
44,Kalaari Capital,1653.6918750000002
45,Vijay Shekhar Sharma,8259.08482142857
46,Lightbox,429.0
47,DST Global,3944.875
48,Ayushmann Khurana,0.0
49,Matrix Partners India,123.75
50,Sequoia India,1608.8874999999998
51,TIW Private Equity,49.5
52,Exfinity Venture Partners,119.109375
53,Breakthrough Energy Ventures,148.5
54,Endiya Partners,88.4675
55,A91 Partners,82.5
56,Bennett Coleman and Company Ltd (BCCL),3712.5
57,India Quotient,184.25
58,Axilor Ventures,64.79196428571429
59,SC GG India Mobility Holdings LLC,165.0
60,Azim Premji,577.5
61,Binny Bansal,629.0585714285714
62,Pine Labs Pte Ltd,314.16
63,Naspers,2442.0
64,MS Dhoni,90.75
65,March Capital Partners,734.9100000000001
66,XL Innovate,305.25
67,Rashmi Daga (founder,0.825
68,FreshMenu),0.825
69,Raveen Sastry (co-founder,0.825
70,Myntra) and Mitesh Shah (finance chief,0.825
71,BookMyShow),0.825
72,RPS Ventures,907.5
73,One97 Communications Ltd.,54.3675
74,Growth DNA,8.25
75,Vir Sanghvi,0.0
76,Softbank Vision Fund,577.5
77,Westbridge Capital,32175.0
78,Lok Capital,163.625
79,IIFL Wealth,78.375
80,WaterBridge Ventures,32.175
81,Kapil Dev,1.19625
82,DIG Investment Ab,2.75
83,Deshe Holdings,2.75
84,Samih Toukan and Hussam Khoury,2.75
85,Artha Venture,4.125
86,Qatar Investment Authority,1237.5
87,Composite Capital Management,165.0
88,Undisclosed,158.11125000000004
89,Ventureast,253.275
90,Blume Ventures,489.8755714285714
91,Multiple Angel Investors,2.63674125
92,General Atlantic,420.75
93,Anicut Capital,120.8625
94,Insight Partners,618.75
95,Triton Investment Advisors,107.25
96,Pidilite Industries director Ajay Parekh,107.25
97,Blume Ventures and RTP Global,20.625
98,IAN Fund,222.75
99,Nexus Venture Partners,1174.63665
100,WestBridge Capital,495.0
101,Alteria Capital,79.97550000000001
102,Tata Sons,0.0
103,C4D Partners,7.16595
104,Indian Angel Network and other angel investors,0.0
105,Innov8 founder Ritesh Malik,0.0
106,Josh Talks founders Supriya Paul and Shobha Banga,0.0
107,and former Hero Corporate president Rohit Chanana,0.0
108,Goldman Sachs Investment Partners and Silicon Valley-based Accel,176.78571428571428
109,Wellington,176.78571428571428
110,Sequoia Capital,4531.190714285714
111,B Capital,237.28571428571428
112,LightStreet,176.78571428571428
113,Sands Capital and International Finance Corporation,176.78571428571428
114,,722.5916865357142
115,Sachin Bansal,463.1785714285714
116,Equanimity Ventures,1155.0
117,Korea Investment Partners,47.4375
118,Vertex Ventures,338.59375
119,Sixth Sense Ventures,102.3
120,Eight Roads,371.25
121,Prasid Uno Family Trust,140.25
122,Unilever,0.71059725
123,Beehive Capital Advisor,0.71059725
124,ABCOM Investments,0.71059725
125,Parekh Marine Transport,0.71059725
126,Orchid India,5.9257687500000005
127,Hornbill Orchid India Fund,5.9257687500000005
128,Chiratae Ventures (formerly IDG Ventures),5.9257687500000005
129,3one4 Capital,30.086483035714284
130,Lasmer NV,5.9257687500000005
131,Unnamed angel investors,1.65
132,Lightspeed India Partners,81.84
133,Milestone,52.146765
134,Supera Pte Ltd,20.15883375
135,Kalyan Krishnamurthy,2.53275
136,Accel Partners,2860.9143750000003
137,New Atlantic Ventures,41.25
138,021 Capita,12.375
139,India Quotient and LetsVenture\\xe2\\x80\\x99s Angel Fund,0.0
140,Sequoia Capital and Temasek Holdings,466.125
141,EDBI,571.3125
142,Burda Principal Investments,466.125
143,and Sofina,466.125
144,PitchRight Venture,1.2375
145,91SpringBoard,1.2375
146,AL Nour International Holdings and Mark V Investments,1.2375
147,DiDi Chuxing,825.0
148,Hillhouse Capital,426.25
149,Alphabet\\xe2\\x80\\x99s growth investment arm Capital G and Axis Bank,302.5
150,Iron Pillar,60.5
151,Perceptive Advisors,60.5
152,Romulus Capital and Kalaari Capital,60.5
153,MASSIF,20.625
154,a Dutch government fund,20.625
155,Steadview Capital and Vy Capital.,412.5
156,Individual Investors,191.78775
157,Omphalos Ventures India LLP,1.17975
158,Info Edge,20.944
159,AET Fund,5.5
160,Akatsuki and Incubate Fund from Japan and Better Capital AngelList syndicate.,5.5
161,Venture Highway,40.49375
162,GREE Ventures,26.90875
163,Space Matrix,7.21875
164,Lead Angels Network,1.55920875
165,Norwest Venture Partners,1071.6035
166,CDC Group,76.44725
167,the UK\\xe2\\x80\\x99s Development Finance Institution and P Surendra Pai,76.44725
168,Shunwei Capital,390.465625
169,DST Partners and RPS Ventures,206.25
170,Singapore,4.125
171,Tiger Global,4733.78125
172,Mayfield Fund,10.725
173,Stevens Creek Ventures,8.25
174,Venture Catalysts,28.123071428571432
175,Sistema Asia Fund,339.9
176,VC Samsung NEXT,9.9
177,Inventus Capital,37.021875
178,Blume Ventures and Innoven Capital.,9.9
179,Individual investors,2.2935
180,Teachers Insurance and Annuity Association (TIAA),255.75
181,Stellaris Venture Partners and Kalaari Capital,7.0125
182,Rajan Anandan from Google,7.0125
183,Dilip Khandwelwal from SAP Labs India,7.0125
184,and Amrish Rau from PayU India,7.0125
185,Lakestar and Jungle Ventures,121.6875
186,Softbank\\xe2\\x80\\x99s DeepCore.,121.6875
187,Paragon Partners,260.7
188,Bertelsmann India Investments,229.35
189,Prashant Jaiswal,0.0
190,Cooperative Oikocredit,45.375
191,Caspian and Hivos-Triodos Fund,45.375
192,Ravi Viswanathan,67.65
193,ZigExN,24.75
194,Credence Family Office,33.0
195,Fosun International,346.5
196,Sistema JSFC and Tanncam Investment,144.375
197,DST Global and Lightspeed Venture Partners\\xe2\\x80\\x99 global fund.,1856.25
198,Falcon Edge,132.4675
199,Korea Investment Partners (KIP),0.0
200,Samsung and China-based CITIC Capital and others,0.0
201,Lighthouse,1296.9
202,KDDI\\xc2\\xa0,0.0
203,Tencent,979.6875
204,Kalaari Capital and Private equity firm Multiples Alternate Asset Management,412.5
205,Stellaris Ventures & Others,33.0
206,CLP Holdings Group,66.0
207,Innogy,66.0
208,\\xc3\\x98rstead,66.0
209,and Tenaska,66.0
210,InnoVen Capital,150.15
211,Quotient,13.75
212,Mayfield & Others,13.75
213,Vertex Ventures Southeast Asia (SEA) and India and Sistema Asia Fund,61.875
214,Fosun RZ Capital,61.875
215,and Endiya Partners.\\n\\n,61.875
216,Farm To Fork,0.6599999999999999
217,Arts Alliance,0.6599999999999999
218,The Syndicate Fund,0.6599999999999999
219,Sven Hensen,0.6599999999999999
220,Zeroth and Artesian Venture Partners,0.6599999999999999
221,Axilor,0.0
222,Sprout Venture Partners and others,0.0
223,Xiaomi and Sequoia Capital India,57.75
224,Y Combinator,90.31
225,Fung Strategic Holdings,288.75
226,MakeMyTrip Limited,82.5
227,Sequoia Capital India Advisors,565.95
228,Accel Partners and G Raghunandan,50.325
229,Flipkart,1168.81875
230,Prime Venture Partners and Others,12.375
231,AJ Ventures and Jain International Trade Organisation (JITO),8.25
232,Orios Venture Partners and the IAN Fund,16.5
233,MGV,13.2
234,Liquid 2 Ventures,13.2
235,Hack VC,13.2
236,Emergent Ventures and Y Combinator,13.2
237,Denlow Investment Trust and Beenext,48.2625
238,CDC Group plc\\xc2\\xa0,49.5
239,Hyundai,29.431875
240,Edelweiss and Beenext,29.431875
241,Sunjay Kapoor and Telama Investment,29.431875
242,Xiaomi,36.85
243,PayU,108.35
244,Ribbit Capital and Omidyar Network,36.85
245,Saama Capital,223.609375
246,SRI Capital,40.0125
247,Beenext,73.15
248,and Pravega Ventures,8.6625
249,Omidyar Network and Shunwei Capital,20.625
250,Accel (formerly known as Accel Partners),24.75
251,Ajay Relan and Vinay Mittal,8.25
252,MDI Ventures & Telkom Indonesia,33.0
253,Tuscan Ventures,12.890625
254,Ashish Goenka,12.890625
255,VC firms India Quotient and Kae Capital,12.890625
256,Info Edge (India) Ltd and Temasek,228.525
257,Info Edge (India) Ltd,88.10999999999999
258,Insignia Ventures Partners,4.5375
259,Lightbridge Partners & Kairos,4.5375
260,Avtar Monga,2.233
261,chief operating office at IDFC Bank,1.20175
262,Aditya Malik & Others,1.20175
263,ResponsAbility,41.25
264,Vy Capital,319.275
265,Raghunandan G,13.8875
266,and Ramakant Sharma,10.3125
267,Base of Pyramid Asia (BOPA) Pte Ltd,20.625
268,Rishi Vasudev,1.8095
269,Excelsior Investments,0.297
270,Ritesh Vohra,0.297
271,Praveer Kumar,0.297
272,Prashant Gupta and Others,0.297
273,Brand Capital and Others,4.125
274,Siddharth Agarwal,0.3609375
275,Mahavir Sharma,0.3609375
276,Amit Singal,0.3609375
277,100 Co-founders Lab and others.,0.3609375
278,Creation Investments,79.75
279,Matrix Partners India and Zodius Capital,79.75
280,Kingsway FCI Fund,205.0125
281,KCK Global & Others,205.0125
282,Omidyar Network & Others,12.375
283,TPG Growth,495.0
284,The Rise Fund & Others,412.5
285,PayU & Others,148.5
286,AngelList,0.77
287,Rahul Khanna,1.1020625
288,Rajeev Arora and Ram Ramsundar.,0.77
289,Metaform Ventures,1.199
290,Hemant Luthra,1.199
291,Micro venture capital firm GEMS Partners and Others,1.199
292,Gray Matters,1.485
293,Fairfax,371.25
294,Allcargo Logistics,70.125
295,Navneet Education and Mahavir Agency,70.125
296,BeeNext,19.284375
297,WEH Ventures and Sprout Ventures,5.15625
298,Ventureast and Exfinity,20.625
299,Bharat Innovation,2.26875
300,IDFC-Parampara Capital,2.26875
301,Arthavida Ventures,2.26875
302,Jitendra Gupta & Others,2.26875
303,MakeMyTrip,206.25
304,Lindwall Family Investments LLC (LFI),4.125
305,Amazon Alexa Fund & Dentsu Ventures,90.75
306,IDG Ventures,776.8406250000002
307,Kalaari Capital and Others,330.0
308,TPG,275.0
309,Sequoia Capital & Matrix Partners,275.0
310,Kantilal Patel,41.25
311,Sabre Partners,148.5
312,Puneet Dalmia & Others,41.25
313,Aspire Logistics LLC,1.03125
314,Bhairavi Jani,0.0
315,Alok Divatia,0.0
316,Namrata Kaul,0.0
317,Sohail Hashemi,0.0
318,Aijaz Saleem,0.0
319,Anil Advani,0.0
320,Pramod Jain,0.0
321,Amrendra Reddy and Manish Satnaliwala.,0.0
322,NB Ventures and Others,0.0
323,Oman India Joint Investment Fund (OIJIF),189.75
324,Y Combinator and Venture Highway,31.625
325,SAIF Partners and LGT Impact Ventures,88.6875
326,Mumbai Angels Network,1.7875
327,Alpha Capital,287.1
328,Saama Capital and Sequoia Capital,24.75
329,Spiral Ventures,2.145
330,Subho Ray and Samir Kumar,1.2375
331,Rajan Anandan,6.399348214285714
332,Basab Pradhan,0.928125
333,Vivek Khare and Bijoy George,0.928125
334,Rannvijay Singha,0.0
335,Brand Capital,459.59375
336,Helix Investments,39.6
337,Lighthouse Funds & Thuasne Participations,173.25
338,Hyperplane Venture Capital and several angel investors,14.025
339,Menterra Venture & Artha Initiatives,0.0
340,Shorooq Investments,4.5375
341,LetsVenture & Others,4.5375
342,Y Combinator and others.,41.25
343,Accel Partners & Raghunandan Gangappa,37.5375
344,SoftBank Vision Fund & Info Edge (India) Ltd,1650.0
345,Diageo India,33.0
346,Equanimity Venture Fund,8.25
347,One 97 Communications,73.8375
348,IDG Venture,26.125
349,pi Ventures,39.05
350,VH Capital,34.1
351,Axilor Ventures and Binny Bansal,26.125
352,Undisclosed Existing Investors As Well As The Tamarind Family Trust,37.125
353,Speciale Invest & Others,9.075
354,Leo Capital,16.5
355,Shiva Gunapu & Others,0.0
356,Unknown High Net-Worth Individuals,3.7125
357,International Finance Corporation (IFC),173.59375
358,Accel Partners and IDG Ventures,60.5
359,IL&FS Private Equity,10.3125
360,Kae Capital & Others,10.3125
361,Unitus Ventures,4.125
362,Behram Vakil and Jerxis Vandrevala,4.125
363,Rairah Corporation,7.82925
364,Sunil Munjal,149.25625
365,Harsh Mariwala,115.84375
366,Dalip Pathak and Others,96.25
367,Stellaris Venture Partners and Mayur Abhaya Srisrimal,17.325
368,Blume ventures,2.475
369,Unilever Ventures and Blume Ventures,28.875
370,Credika and unnamed angel investors,4.125
371,RS Shanbag,6.06375
372,Insistor,8.25
373,Oikocredit,43.725
374,Ashish Kacholi,8.25
375,S Chand Group,8.25
376,Atul Gupta and Saurabh Rastogi,2.41725
377,Amazon,408.375
378,Ashish Dhawan,33.0
379,Catamaran Ventures,99.75625
380,NR Narayana Murthy.,24.75
381,Prashant Mehta,0.3299999999999999
382,Mitali Pawar,0.3299999999999999
383,Nikhil G and Bhavesh P,0.3299999999999999
384,R Ranganathan,0.3299999999999999
385,ONCOTRUST and Medintel Services Pvt. Ltd,0.3299999999999999
386,Omidyar Network and Accion Venture Labs,6.1875
387,Amazon Inc. and Mastercard,66.0
388,Treebo,0.0
389,IndusAge Partners,16.5
390,Bill & Melinda Gates Foundation,16.5
391,Qualcomm Venture,57.75
392,ABB Technology Ventures,16.5
393,Omnivore,16.5
394,Venture Highway and BEENEXT,16.5
395,Accion Venture Lab,20.4875
396,YourNest Venture Capital And Other Angel Investors,5.3625
397,Exfinity Venture,2.75
398,Saha fund Partners,2.75
399,Arihant Patni of Patni Family Office,2.75
400,Anjali Bansal,2.75
401,Shardul Amarchand Mangaldas,2.75
402,Satish Khanna and Taparia family office.,2.75
403,Subhkam Ventures and Mohit Khadaria,2.5377
404,Vishal Bali,0.0
405,Yogesh Misra,0.0
406,Thomas Assessments and others,0.0
407,ChrysCapital,610.5
408,Existing investors,90.75
409,Elevar Equity,163.625
410,LGT Impact,90.75
411,Omidyar Network and Kaizen Private Equity also participated in the round,90.75
412,Maheshwar Peri,3.403125
413,founder and chairman of career information portal Careers360,0.309375
414,and Jamshed Jeejeebhoy,0.309375
415,director at Byramjee Jeejeebhoy Pvt. Ltd were among the angels,0.309375
416,Tiger Global And Others,41.25
417,Omidyar Network. Blume Ventures and Professor Shlomo Ben-Haim,23.1
418,Fireside Ventures,30.6625
419,Matrix Partner,0.0
420,Amrish Rau,0.0
421,Investopad,0.0
422,Digital Currency Group,2.0625
423,Hinduja Group,0.0
424,Lightspeed India,33.0
425,Eight Innovate,0.0
426,Amit Ranjan,2.02125
427,Prashant Malik and others,0.0
428,Kae Capital Management,0.0
429,Fundamentum,24.75
430,Bessemer Venture Partners,1650.6875
431,RB investments & Others,24.75
432,Waterbridge Ventures and ThinKuvate,4.125
433,BlueOrchard Finance Ltd,18.975
434,Hinduja Leyland Finance and IntelleGrow,18.975
435,Mr. Manoj Prasad,4.125
436,Madhusudhan Kannan,0.0
437,Jayant Kadambi,0.0
438,Puneet Gupta and Pradeep K Jaisingh,0.0
439,International Finance Corporation,189.75
440,Transamerica and others.,90.75
441,TR Capital,82.5
442,Shilpa Shetty Kundra,0.0
443,Pravega Ventures and Beenext,9.075
444,Line Ventures Corporation,47.4375
445,Line Corp,47.4375
446,Naver,47.4375
447,Shinhan Bank and TS Investment,47.4375
448,Biz Stone,28.875
449,Kunal Bahl,25.15925892857143
450,Rohit Bansal,24.12800892857143
451,Alagu Periyannan and Karthee Madasamy,0.0
452,Vidal Healthcare,15.675
453,GEMS Advisory,1.522125
454,Alok Mittal and Sachin Bhatia,1.01475
455,Neoplux,9.075
456,OPPO,9.075
457,IDG Ventures India,159.259375
458,GREE Ventures and Summit Media,9.075
459,Omidyar Network,494.725
460,Nandan Nilekani,138.4625
461,Helion Venture Partners,1120.2989285714284
462,Maverick Capital Ltd and HBM Healthcare Investments Ltd,41.25
463,Emery Capital,0.0
464,Blacksoil and Kalaari Capital,0.0
465,Bay Capital Investments and Others,61.875
466,SAR Group,20.4435
467,Bessemer Venture Partners and Orios Venture Partners,0.0
468,JM Financials and MEMG,0.0
469,CBA Capital and others,24.75
470,SAIF Partners and Kalaari capital,49.5
471,Baskar Subramanian,0.6875
472,Saket Kumar,0.6875
473,Gaurav Suri and Ankit Kesarwani,0.6875
474,InfoEdge,51.975
475,Ranjan Pai,4.33125
476,Apoorva Patni,4.33125
477,Beenext Ventures,10.51875
478,GrowX Ventures,17.42125
479,HDFC Life,41.25
480,HDFC Asset Management,41.25
481,Accel Partners and Saama Capital,20.625
482,Avendus Finance Pvt. Ltd,80.025
483,Aegon NV,62.7
484,State Street Global Advisors,316.8
485,Trifecta Capital,246.13948425
486,HR Fund,8.25
487,Actis,338.25
488,Venkat Subramanian,0.0
489,Sudhakar Pennam,0.0
490,and other tech investors from Silicon Valley,0.0
491,Bhavish Aggarwal,28.380000000000003
492,Ankit Bhati,28.380000000000003
493,Kunal Shah and Manish Patel.,28.380000000000003
494,SoftBank,255.75
495,Tiger Global and Apoletto Managers.,255.75
496,1Crowd,14.3
497,Ankur Capital,6.1875
498,Amit Burman,12.375
499,SIDBI Venture Capital,12.375
500,Pi Ventures,4.125
501,Jessica Wong,0.0
502,Hiro Mashita,0.0
503,Xue Manzi and Yiyun Zhang.,0.0
504,Insight Venture Partners,74.25
505,Accel Partners and Tiger Global Management.,74.25
506,SucSEED Venture Partners,6.336
507,Kumar Vembu,14.85
508,Initia Holdings,4.125
509,Vipin Agarwal and others.,4.125
510,Unicorn India Ventures and ISME ACE.,8.25
511,Ratan Tata,114.96375
512,Amit Singhal and Unitus Seed Fund,24.75
513,Google,101.475
514,Kae Capital,92.97700892857142
515,IIFL,0.0
516,Singularity Ventures,11.07857142857143
517,GrowX,2.8285714285714287
518,Tracxn Labs,6.541071428571429
519,Venture Catalyst,0.0
520,Patni family office and Axis Capital.,0.0
521,Alibaba,3643.75
522,Ascent Capital,719.8125
523,Ant Financials,1650.0
524,CDC Group Plc,334.125
525,Man Capital LLP,5.5
526,Girnar Software,5.5
527,Others,13.75
528,Bhavesh Manglani,0.0
529,Suraj Saharan,0.0
530,Darshan Upadhyay,0.0
531,Sanjay Notani & Others,0.0
532,Montane Ventures,25.575
533,Sandeep Mathur,825.4125
534,Meritech Capital Partners,412.5
535,British and Indian Governments,0.0
536,Social Capital,33.0
537,Fullerton Financial Holdings Pte Ltd & Others,717.75
538,Axis Capital,2.8285714285714287
539,Jungle Venture Partners,0.0
540,Ashok Kumar Gajera,2.5674
541,Tribe Impact Capital LLP,0.0
542,Michael & Susan Dell Foundation,116.840625
543,LGT Impact Ventures,55.6875
544,Kalpavriksh,24.75
545,Axis Capital Partners,0.825
546,Dewang Neralla,1.375
547,Mahesh Kothurkar,1.375
548,Atul Agarwal,1.375
549,S7 Group,41.25
550,Michael Patrick Hickey,1.2245805
551,Network 18,220.5225
552,Sequoia and Jerry Yang,2.0625
553,Mohammed Khan,1.03125
554,Sameer Narayan & Others,1.03125
555,Hinduja Leyland Finance,15.675
556,IntelleGrow,15.675
557,Lightspeed & Yuri Milner,412.5
558,Wargburg Pincus,82.5
559,HealthQuad and Fireside Ventures,8.6625
560,PNC,0.0
561,Citi Ventures,0.0
562,Auxano Deals,6.373125
563,Kris Gopalakrishnan,130.02
564,Pratithi Investment Trust,2.145
565,MEMG Family Office,2.145
566,S Gopal,2.145
567,Dr Devi Shetty,0.0
568,Amit Manocha and others,1.03125
569,Tencent Holdings Ltd,474.375
570,Times Internet,813.8625
571,Khosla Ventures,58.7125
572,Vy Capital and others,3.85
573,Unitus Seed Fund,62.143125
574,Recruit Holdings,41.25
575,Eight Roads Ventures India,212.025
576,Claris Capital,0.0
577,Rohan Agila,0.0
578,Nederlandse Financierings-Maatschappij voor Ontwikkelingslanden N.V.,38.775
579,RuNet & Other,15.9225
580,Amazon-Patni JV,155.43
581,responsAbility,96.9375
582,Elevar Equity and Accel Partners,96.9375
583,Morgan Stanley Private Equity Asia,298.8975
584,Pankaj Chopra,0.33
585,Ankush Gupta,0.33
586,Indian fintech fund,1.462725
587,Rainmatter,11.717475
588,Sunil Kant Munjal,68.75
589,Hero Electronix\\xe2\\x80\\x99s corporate financing arm,68.75
590,Electronic Development Fund,68.75
591,Goldman Sachs,1017.5
592,hedge fund & Others,82.5
593,Polaris Fund,8.25
594,Xiaomi Singapore,75.075
595,The Chennai Angels,28.5099375
596,Lionrock Capital,20.625
597,Incubate Fund India,0.0
598,Anuj Agrawal,0.0
599,DMI Finance,33.0
600,Dr. Ranjan Pai,30.525
601,Unilever Ventures,24.75
602,LeapFrog Investments,198.0
603,Aspada Investment,129.25
604,Quona Capital,191.95
605,Avendus Finance,70.95
606,IFMR Capital,95.865
607,Chennai Angels,8.476875
608,Lead Angels,1.1
609,Pravega Ventures,15.675
610,RNT Capital,65.45
611,Eight Roads Ventures,570.69375
612,Touchstone Equities,2.475
613,BVR Mohan Reddy,2.475
614,Shivani Singh,1.1785714285714286
615,Rahul Maroli,1.1785714285714286
616,Mitesh Shah,1.1785714285714286
617,Alfa Capital,3.241071428571429
618,Green Shots Capital,3.241071428571429
619,Real Time Ventures.,1.1785714285714286
620,Newfort Capital,2.0625
621,Undisclosed Investors,251.55075
622,HDFC Bank,41.25
623,Axis Bank,41.25
624,Scale Minds,0.0
625,Hines,189.75
626,NB Ventures,22.06875
627,Apis Partner,165.0
628,Bamboo Capital Partners,165.0
629,Eduardo Saverin,189.75
630,Kalpvriksh,25.575
631,Somerset Indus Capital Ventures,6.1875
632,Singapore Angel Network,11.845625000000002
633,Mumbai Angel,6.1875
634,Village Capital,0.825
635,Aamir Khan,9.9
636,HT Media,14.85
637,Hyderabad Angels,21.8075
638,Munesh Khanna,1.92225
639,Canaan Partners,330.0
640,Rakesh Jhunjhunwala,222.75
641,Mohan Tanksale,0.0
642,Kiran Shetty,0.0
643,Darshak Shah,0.0
644,Mandar Mhatre,0.0
645,RoundGlass Partners LLC,2.0625
646,Mountain Pain Capital,2.215125
647,Suncoast Investments,2.215125
648,InsuResillience Investment Fund,0.0
649,Costanoa,26.125
650,Learn Capital,26.125
651,Jyoti Bansal,26.125
652,Swati Gupta,3.09375
653,Purnima Khandelwal,3.09375
654,Sanjay Singh,3.09375
655,E-City VEntures Atul Goel,4.125
656,"""Kedaraa Capital",80.4375
657,"Ontario Teachers\\'""",80.4375
658,Ambarish Gupta,0.515625
659,Aneesh Reddy,5.129732142857143
660,Bold Ventures,0.309375
661,Vona Investments,0.309375
662,Gaurav Gupta,0.0
663,Jones Lang LaSalle,31.35
664,Manish Poddar,1.5675
665,Arun Garg,1.5675
666,Parmeshwar Sharma,1.5675
667,CIO Angel Network,2.0625
668,Jayant Humbarwadi,0.0
669,Nazara Technologies,0.0
670,Alok Mittal,3.540625
671,Deepak Jain,0.0
672,Ritesh Malik,0.0
673,Jim Schimdktke,0.0
674,Infosys co-founder Kris Gopalakrishnan,0.0
675,Titan Co Ltd,20.625
676,Tata Group\\xe2\\x80\\x99s watch and jewellery retailing firm,20.625
677,Lumis Partners,97.35
678,Quona Capital Management,24.75
679,Pioneering Ventures,12.375
680,Syngenta AG,12.375
681,IDFC-Parampara Fund,0.0
682,Singtel,68.75
683,Innov8,68.75
684,Harmony Partners,323.125
685,Wipro Consumer Care,0.0
686,GAIL India Ltd,0.0
687,Rugmini Menon,0.0
688,Girish Mathrubootham,13.45005357142857
689,Apurva Chamaria,0.0
690,Rohit Chanana,0.0
691,Nishit Sharma,0.0
692,Alok Srivastava,0.0
693,SSCBS Innovation,0.0
694,Incubation Foundation (SIIF),0.0
695,Z Nation Lab,5.709
696,Skycatcher Fund,1.35807375
697,Aravind Sanka,1.35807375
698,Notion Capital,11.1375
699,Vida Ventures,1.71875
700,Dr. Aniruddha Malpani,2.95625
701,MEMG CDC,107.25
702,Global Institutional Investors,1650.0
703,Sandeep Aggarwal,0.0
704,Uniliver Ventures,82.5
705,Javelin StartupO Victory Fund,2.0625
706,Undisclosed investors,2401.4595
707,Amit Patni,1.69675
708,Gaja Capital,107.25
709,MediAssist,5.56875
710,Matrix PArtners,8.25
711,Sachin Arora,0.0
712,Bharat Gupta,0.0
713,Amit Manocha,0.0
714,Softbank Group,495.0
715,Digital Garage,46.2
716,Sprout Angels,2.5245
717,IDG Ventures & Indian Angel Network,4.125
718,Globevestor,5.0875
719,Carpediem Capital,103.95
720,Epsilon Venture Partners,222.75
721,Tara India Fund IV and others,33.0
722,Das Capital,35.75
723,Axan Partners,27.5
724,Das Capital and IT Farm,27.5
725,Simile Ventures,8.25
726,Daffodil Software,0.0
727,Firoze Irani,5.56875
728,Vipul Parekh,12.44375
729,Ananda Kallugadde,6.7473214285714285
730,Rajesh K Murthy,5.56875
731,Shailesh Haribhakti,0.0
732,Aequs Group,0.0
733,Orient BlackSwan,2.772
734,Rahul Agarwalla,0.0
735,Keshav Sanghi,1.375
736,Batlivala & Karani Securities,3.91875
737,Multipoint Capital,5.775
738,Saama Capital and DSG Consumer Partners,37.125
739,YCombinator,8.525
740,KStart Capital,14.4375
741,Wellington Management,211.75
742,DG Ventures India,228.25
743,True North,211.75
744,Snehal Mantri,0.6875
745,Anshu Bahadur,0.6875
746,Xiaomi Technologies,33.0
747,Amicus Capital,75.9
748,Zephyr Peacock,28.875
749,Experian,57.75
750,Nexus,0.0
751,Innoven Capital,147.675
752,Undisclosed Investor,45.21
753,Helion Ventures,173.25
754,FIL Capital Management,19.25
755,DSG Consumer Partners,136.26524999999998
756,Rockstart Accelerator,0.9735
757,Indian Angel network,3.7125
758,Whiteboard Capital,6.1875
759,Sarbvir Singh,6.1875
760,Indian Angel Network,82.3295
761,Greenfield Advisory,0.0
762,Abhishek Bhatewara,0.0
763,Vivek Shah,0.0
764,Haitong Securities,0.0
765,Paras Arora,0.0
766,Hunch Ventures,0.9075
767,500 Startups,33.249071428571426
768,Citrus Payments,0.9075
769,Helion Ventures Partners,41.25
770,Kotak Mahindra Bank,31.35
771,Incubate Fund,0.0
772,Sandesh Kirkire,0.0
773,Anand Kumar,0.0
774,Yogesh Chaudhary,0.0
775,ANI Technologies Pvt. Ltd,63.525
776,Mahindra & Mahindra and Infuse Ventures,16.5
777,TannCam Investment & Sistema Asia Fund,115.5
778,IL&FS,66.0
779,Trust Capital,66.0
780,Rosy Blue Securities,66.0
781,Radhakrishan Damani and Rakesh Jhunjhunwala,66.0
782,YourNest Angel Fund,56.85625
783,Mayur Abhaya,4.125
784,Rohit MA,4.125
785,Exfinity Ventures,49.43125
786,Partech Ventures,15.4
787,Michael and Susan Dell Foundation,24.3375
788,Anand Mahindra,3.3
789,Bertelsmann India,291.878125
790,Mayfield Capital,22.171875
791,Darrin Capital,22.171875
792,HIS Co. Ltd,41.25
793,Artiman Ventures,92.8125
794,Inventus Capital Partners,66.0
795,and Nandan Nilekani,35.75
796,V Balakrishnan.,0.0
797,SoftBank Group,13656.5
798,Lightspeed Venture Partners,1408.6875
799,Greenoaks Capital,783.75
800,Hero Enterprise,412.5
801,RPG Enterprises,8.25
802,Triodos Investment Management,28.4625
803,Mohit Agarwal,0.0
804,Anuj Gupta,0.0
805,Warburg Pincus,2519.0
806,Sachin Tendulkar,17.05
807,P.V SIndhu,17.05
808,Pullela Gopichand,17.05
809,Raman Roy,0.0
810,Arvind Uppal,0.0
811,Sonu Bhasin,0.0
812,G Ravishankar,0.0
813,WRV Capital,35.0625
814,Qualcomm Ventures,186.65625
815,Edelweiss Private Equity,109.3125
816,Anand Chandrasekaran,6.53125
817,Ashish Toshniwal,0.0
818,Ajeet Khurana,0.0
819,China Lodging Group,82.5
820,Nexus Venture Partners and Blume Ventures,23.71875
821,Keiretsu Forum & Others,3.2175
822,Rohit Nanda,0.0
823,Rajit Nanda,0.0
824,Smarak Bhuyan,0.0
825,Sashwat Brahma,0.0
826,ECL Finance,363.0
827,Rising Stars,0.0
828,Manish Amin,0.0
829,Pallav Pandey,0.0
830,Chavi Jafa,0.0
831,Shamik Sharma,4.125
832,Aprameya Radhakrishna,5.806428571428572
833,Susquehanna Growth Equity LLC,412.5
834,Incofin Investment Management.,49.5
835,AdvantEdge,0.0
836,Sandway Investment Ltd,0.0
837,Pearl Brook Holdings,0.0
838,Silo Holdings and Al Nour,0.0
839,LG Chandrasekhar,9.9
840,InnoVen Capital India,176.55
841,AV Thomas Group,0.0
842,Prime Venture Partners.,24.75
843,Zomato Media Pvt. Ltd,0.0
844,Battery Road Digital Holdings LLC,3.4815
845,Mehul Shah,1.2375
846,Jamil Khatri,0.0
847,Ravi Iyer,0.0
848,Raghav Bahl,29.700000000000003
849,Aniruddha Malpani,0.0
850,Startup Oasis,0.0
851,IL&FS Investment Managers,6.6
852,Omidyar Network.,6.6
853,Capillary Technologies,0.0
854,Rajul Garg,4.785
855,Goldbell Group,1.375
856,Anurag Srivastava,1.375
857,Shailesh Rao,17.875
858,Amiya Pathak,1.375
859,Rajesh Yohanan and Rahul Garg,1.375
860,Rivergate Capital,0.0
861,Keiretsu Forum,11.9625
862,Kashyap Deorah,2.003571428571429
863,Anand Sankeshwar,3.972375
864,Sadashiva NT,0.0
865,Arjun Mehta,0.0
866,Satish Kaul,0.0
867,Anindya Ghose,0.0
868,Kunal Shah,12.620535714285715
869,Anupam Mittal,21.57925
870,Hetal Sonpal,1.03125
871,Narottam Thudi,3.50625
872,Shireesh Palle,3.50625
873,Cismat Cargo Services Pvt. Ltd.,2.475
874,Rajasthan Angel Investor Network,0.0
875,SIDBI,0.0
876,JSW Ventures,30.9375
877,Anuj Puri,0.0
878,Redcliffe Capital,0.0
879,Artha India Ventures,1.6005
880,Siddharth Kothari,0.0
881,Apoorv Ranjan Sharma,0.0
882,R. Jayakumar,0.0
883,Vaibhav Vohra,0.0
884,Aditya Vazirani,0.0
885,Rhea Vazirani,0.0
886,AVN Business Solutions,0.0
887,Dreamweaver Investments,0.0
888,Rahul Dev Kumar,0.605
889,Rajesh Mahajan,0.605
890,Ankit Sharma and others,0.605
891,Venugopal Dhoot,5.115
892,Ajay Bhatia,5.115
893,Tarun Khandelwal,5.115
894,Ganpat Singhvi,5.115
895,Mandhian family & Others,5.115
896,Factor[e] Ventures,6.45975
897,Tom Varkey,0.0
898,Sanjay Shenoy,0.0
899,Mridul Upreti,0.0
900,Softbank,23289.0625
901,Nazara Games,0.0
902,Tekne Capital Management,297.0
903,Bennett,223.575
904,Coleman and Company Ltd (BCCL),0.0
905,InCred Finance,1.287
906,Fullerton India Credit Company Ltd,1.287
907,InCred,1.05875
908,Krishnakumar Natarajan,1.05875
909,Ravi Bhardwaj,1.05875
910,Green Visor Capital LP II,0.0
911,IA Venture Strategies Fund II LP,0.0
912,Boillot Family Trust,0.0
913,Russell M Byrne,0.0
914,The Oliver R. Grace,0.0
915,Jr. Millennium Trust,0.0
916,SF Capital Investments LP,0.0
917,Abhinav Gupta,0.771375
918,Undisclosed HNI\\xe2\\x80\\x99s,6.0555
919,iSquare Global,0.0
920,Social Alpha,0.0
921,Rajeev Ahuja,0.0
922,Kshitij Arora,0.0
923,Blume Ventures. Lenovo Capital and Incubator Group (LCIG),0.0
924,Riverwood Capital,165.0
925,Tenaya Capital,165.0
926,IIT Ropar,0.0
927,Imanpreet Singh Arora,0.0
928,Sidharth Rozario,0.0
929,Saurabh Abichandani,0.0
930,Shikhar Gupta,0.0
931,Haresh Chawla,34.375
932,JS Capital Management,33.0
933,Horizons Ventures,74.25
934,VAMM Ventures,2.0625
935,Raksul,2.0625
936,Dena,2.0625
937,PBS Srinivas,0.34375
938,Vinod Martin,0.6875
939,C31 Ventures,39.875
940,Qualgro.,19.25
941,\\xc2\\xa0 UC-RNT fund,51.5625
942,idal Health,1.546875
943,growx ventures,1.546875
944,Capier Investments,1.546875
945,Globevestor & others,1.546875
946,Small Industries Development Bank of India (SIDBI),0.0
947,Ward Ferry Management and Karst Peak Capital,140.25
948,Sofina s.a.,41.25
949,Zodius Capital,346.5
950,Lakshmi Narayanan,41.25
951,Reliance Corporate Advisory Services Ltd,8.25
952,Infuse Ventures,30.9375
953,JLL,12.7875
954,Asset Management (Asia) Ltd,82.5
955,Digital Garage Inc,82.5
956,Nexus India Capital Advisors,35.0625
957,Rocketship,20.625
958,Jungle Ventures,185.7428571428571
959,BCCL,8.25
960,Contrarian Capital India Partners,0.0
961,Emergent Ventures India,0.0
962,Pallav Nadhani,0.495
963,Ashish Gupta,0.61875
964,Sharad Sharma,0.0
965,Sirion Labs,0.0
966,Sreeram Iyer,0.0
967,Suvo Sarkar,0.0
968,Anita Gupta,0.0
969,Likemind Ventures,0.0
970,Mitsui & Co.,132.0
971,Dunamis Ventures Pte Ltd,18.5625
972,Sourav Ganguly,0.957
973,Ankit Aditya,0.957
974,Moksh Sports Ventures,0.957
975,Apurva Salarpuria,0.0
976,Sidharth Pansari,0.9075
977,Sprout Capital,0.0
978,SBI-FMO Fund,50.875
979,Corvus Ventures,0.0
980,MAPE Advisory Group,0.0
981,Purvi Capital,2.145
982,Abhishek Gupta,9.9
983,Brigade Innovations LLP,0.891
984,TV Mohandas Pai,18.78407142857143
985,Suhail Rahman,0.891
986,Bobby Reddy,0.891
987,M George Oommen,0.891
988,Blacksoil Capital Pvt. Ltd,14.025
989,Grey Orange,3.3
990,Rajesh Ramaiah,3.3
991,Anshuman Das,3.3
992,Rishi Das,3.3
993,IDG Ventures India Advisors,16.5
994,One97 Communication Ltd,0.0
995,Uber Technologies Inc,0.0
996,Amaya Capital LLP,0.0
997,Xelpmoc,0.0
998,ain Capital Ventures,41.25
999,Renaud Laplanche,41.25
1000,Francesco Cara,0.0
1001,ABI-Showatech (India) Ltd,4.95
1002,M&S Partners,41.36
1003,Subramani Somasundaram,0.5499999999999999
1004,Sundeep Sahni,0.5499999999999999
1005,Mayank Mittal & Others,0.5499999999999999
1006,Harmeet Bajaj,0.0
1007,Pameela P,0.0
1008,Fusiontech Ventures & Others,0.0
1009,Sunil Kalra,0.0
1010,Aditya Singh,0.0
1011,Rishi Srivastava,0.0
1012,Nspira,0.0
1013,Tencent Holdings,4427.5
1014,Yuvraj Singh,0.0
1015,HBM Healthcare Investments,30.9375
1016,Maverick Capital Ventures,72.1875
1017,Omidyar Network and Kae Capital,30.9375
1018,Amen Dhyllon,0.0
1019,RoundGlass Partners,33.0
1020,Grace Grace Techno Ventures LLP,0.0
1021,Rajul Garg & Other undisclosed investors,0.0
1022,TVS Motor Company,1.9305
1023,Emerging India,412.5
1024,lockchain ecosystem Global Advisors,0.0
1025,Horseferry,0.0
1026,Sandeep Tandon,22.87410714285714
1027,Arun Patodia,0.0
1028,Bharat Kedia,0.0
1029,IvyCap Ventures,149.7375
1030,Harsh Mahajan,2.75
1031,Farhan Naqvi,2.75
1032,Sreepathy Viswanathan,2.75
1033,Sundaram Finance Holdings,0.0
1034,SBI (Stand Up India Scheme),0.0
1035,SQue Capital,8.25
1036,Bodhtree Consulting Limited,1.914
1037,Mohan Alexander,0.721875
1038,R. Natarajan,0.721875
1039,Vikrant Varshney,0.721875
1040,Amit Sinha,0.721875
1041,Pawan Borle,0.4125
1042,Nirmal Singh,0.4125
1043,Manish Prasad,0.4125
1044,Vineet Varma,0.4125
1045,Nick Haulkoury,0.4125
1046,Abhai S. Rao,0.4125
1047,Dr Ramesh Ayyala,1.03125
1048,Satya Muthyala,1.03125
1049,Cao Yibin,0.0
1050,Huang Wei,0.0
1051,Madhusudan E,0.0
1052,Yes Bank,64.35
1053,Unicorn India Ventures,8.146875
1054,Venky Krishnakumar,1.03125
1055,Suresh Shankar,1.03125
1056,Vivek Bhargava,2.256375
1057,Real Time Ventures,2.0625
1058,Singularity Holdings,1.6005
1059,Transamerica,123.75
1060,Founders Fund,0.0
1061,Fairfax Holdings,0.0
1062,Tekne Capital Management LLC,412.5
1063,undisclosed investors,69.2175
1064,NEA,36.575
1065,Mekin Maheshwari,5.5
1066,Alphard Maritime Group,16.5
1067,Cross Border Angels & Experts,0.0
1068,Rajasthan Angel Innovators Network,0.0
1069,YouWeCan Ventures,6.5725
1070,BLIP Initiatives,0.0
1071,3one4 Capital Advisors LLP,8.25
1072,Startupxseed Ventures LLP,8.25
1073,91maker.com,2.475
1074,IIFL Seed Ventures,2.8285714285714287
1075,FJ Labs,2.8285714285714287
1076,The Grover Trust,12.375
1077,iBhubs,1.77375
1078,UC-RNT Fund,63.9375
1079,alcon Edge Capital,63.9375
1080,General Catalyst,18.975
1081,Founder Collective,18.975
1082,Bharat Vijay,1.03125
1083,Krish Seshadri,1.03125
1084,Amar Arsikere,1.03125
1085,IFMR,8.25
1086,and MAS Financial Services Ltd,8.25
1087,Mohit Srivastav,10.3125
1088,Kishore Ganji,10.3125
1089,Venkat Vallabhaneni,10.3125
1090,Rajeev Menon,10.3125
1091,Seedfund,63.8
1092,RB International,16.5
1093,Snow Leopard Ventures,20.625
1094,Alto Partners,20.625
1095,Gujarat Venture Finance Ltd,0.0
1096,Anthill Scale Ventures,0.6414375
1097,Esvee Technologies Inc,0.6414375
1098,Inc95 Consulting,0.6414375
1099,Aparup Sengupta,0.0
1100,Devendra Reddy,0.0
1101,Udayan Goyal,12.375
1102,SAP.iO,8.25
1103,Unilazer Ventures,92.95
1104,Abhinav Bindra,4.125
1105,Gaurav Marya,4.125
1106,Zeta,0.0
1107,Accel Partner,43.3125
1108,Clairvest Group,608.025
1109,Dutch government fund,0.0
1110,Falcon Edge Capital,1747.625
1111,\\xc2\\xa0 Capital Advisers,431.0625
1112,Asuka Holdings,0.0
1113,Beenos,101.0625
1114,Nimit Panigrahi,0.0
1115,Hinduja family,0.0
1116,50K Ventures,1.65
1117,Rainbow Digital Services Pvt. Ltd,2.8875
1118,ILearnFinance Academy Pvt. Ltd.,2.8875
1119,Indian Angels Network,0.0
1120,Deepak Nathani,0.0
1121,Ajay Relan,5.3625
1122,Trifecta Capital Advisors LLP,4.4
1123,Prathithi Investment Trust,4.4
1124,Gokul Rajaram,8.748928571428571
1125,Aditya Agarwal,4.4
1126,Ruchi Sanghvi & others,4.4
1127,Satoshi Studios,0.4125
1128,Luxasia Group,0.0
1129,GVFL,55.275
1130,Vellayan Subbiah,0.0
1131,Jonathan Boutelle,0.0
1132,\\xc2\\xa0 Rahul Chawla,0.0
1133,Salil Donde,0.0
1134,Govind Rajan & Others,0.0
1135,Varsha Rao,0.0
1136,Surojit Chatterjee,0.0
1137,Nirav Choksi & Others,0.0
1138,Dewan Housing Finance Corp,16.5
1139,Chirag Nikunj Sheth & Others,0.0
1140,Aakrit Vaish,0.0
1141,Swapan Rajdev,0.0
1142,Sushill Jiwarajka,0.0
1143,Impanix Capital,41.25
1144,GEMs,0.0
1145,Infibeam,186.72225
1146,CCavenue,1.92225
1147,IdeaSpring Capital,4.125
1148,Kstart Capital,0.0
1149,SAP,0.0
1150,Innovations East,24.75
1151,Ayesha Takia Azmi,4.125
1152,Abu Farhan Azmi,4.125
1153,Dr. Ritesh Malik,0.0824999999999999
1154,Dheeraj Pandey,2.75
1155,Rajesh Yohannan,2.75
1156,Akash Garg,2.75
1157,Gokaldas Exports Ltd,0.0
1158,Eagle10 Ventures,0.0
1159,Uday Kotak,5.56875
1160,Kiran Mazumdar-Shaw,4.95
1161,Rajiv C Mody,0.0
1162,Blue Orchard,66.0
1163,Lahiri Music\\xe2\\x80\\x99s family office,0.0
1164,PV Sahad,0.0
1165,Sandeep Shroff,0.0
1166,Rahul Gupta,0.0
1167,Soma Capital,4.125
1168,Great Oaks Ventures,4.125
1169,122 West Ventures,4.125
1170,Nasper,110.0
1171,Accel India,204.875
1172,Rohto Pharmaceutical,41.25
1173,Waterbridge Ventures,28.875
1174,Mathew Cyriac,17.359375
1175,Florintree Advisors,10.45
1176,Quadria Capital Advisors,330.0
1177,Rohitash Gupta,0.0
1178,Unicorn India Ventures & Others,0.0
1179,Aspada Investments,22.275
1180,Powerhouse Ventures,8.88642857142857
1181,Vispi Daver,4.348928571428571
1182,Keyur Joshi,2.0625
1183,Pavan Bakeri,2.0625
1184,Koen Bouwers,1.03125
1185,Lomesh Agarwal,1.03125
1186,Jeroen Mensen,1.03125
1187,Pablo van den Bosch & Others,1.03125
1188,Deepak Kulkarni,0.0
1189,Sandeep Pangal,0.0
1190,Zephyr Peacock India,24.75
1191,FreakOut Group,0.0
1192,Herb Madan,0.0
1193,Mahindra Partners,57.75
1194,F-Prime Capital Partners,60.84375
1195,Ishwar Singh,0.0
1196,Farhaan Shabbir,0.0
1197,Orios Venture Partners,242.06875
1198,Labruyere Eberl\\xc3\\xa9,0.0
1199,CyberAgent Ventures,7.590000000000001
1200,IMJ Investment Partners,7.590000000000001
1201,L.D Sharma,0.4125
1202,Saurabh Arora,0.4125
1203,Mahindra and Mahindra Financial Services,18.975
1204,Nandan Nilekani\\xe2\\x80\\x99s NRJN Trust,9.075
1205,Mistletoe,19.3875
1206,Philippe Bouchet,0.825
1207,Sushil Kumar,0.0
1208,Sandeep Singh,0.0
1209,Ivycap Ventures Advisors,16.5
1210,Singularity Ventures and Ravi Dhariwal,16.5
1211,Mayfield,33.0
1212,Nishant Rao,12.375
1213,Dileep Nath,12.375
1214,DHI Group Inc,6.1875
1215,BizReach,6.1875
1216,Contrarian Capital,2.475
1217,91springboard,2.475
1218,Emergent Ventures,4.74375
1219,Abstract Ventures,2.475
1220,Anthill Ventures,2.475
1221,R Ramaraj,0.0
1222,Urrshila Kerkar,31.7625
1223,SIMI Pacific Pte,2145.0
1224,mall Industries Development Bank of India (SIDBI),2.5575
1225,Tolaram Inc,6.1875
1226,Mountain Pine Capital,6.1875
1227,Benori Ventures LLP,0.0
1228,Jacqueline Fernandez,0.0
1229,Nibhrant Shah,0.240625
1230,Anandbir Singh,0.240625
1231,Anirudh Sheth,0.240625
1232,Pratik Singhi,0.240625
1233,Vikram Mehta,0.240625
1234,Murali Nair,0.240625
1235,Gaurav Kachru,1.27875
1236,Sundeep Singh Sahni,1.27875
1237,Jatin Aneja,1.27875
1238,Arun Malhotra,1.27875
1239,IndiaNivesh Venture Capital Fund,16.5
1240,Ideaspring Capital,14.025
1241,SIDBI Venture Capital Ltd,32.175
1242,Ankit Nagori,0.0
1243,Ravi Garikipati,1.99375
1244,Surot Chatterjee,1.65
1245,Ashish Agrawal,1.65
1246,Sashi Reddi,4.125
1247,Ligthbox Ventures II,10.395
1248,Lightbox Expansion Fund,10.395
1249,RuNet South Asia,10.395
1250,Greenoaks Capital Partners,515.625
1251,WGG International,26.4
1252,Arun Tadanki,1.010625
1253,Aditya Verma,1.010625
1254,DAH Beteiligungs GmbH,90.75
1255,S. Xavier Britto,12.375
1256,Orios Ventures Partners,0.0
1257,Team Builder Ventures,0.0
1258,Omidyar Networks,0.0
1259,Agnus Capital,84.975
1260,Khattar Holdings,14.85
1261,GardX International,0.0
1262,BlackSoil Capital Pvt. Ltd,12.375
1263,Poshika Financial Ecosystem,0.0
1264,SoftBank Group Corp,2722.5
1265,Calcutta Angels Network (CAN),0.0
1266,Augment Ventures,0.7392000000000001
1267,Vishwadeep Bajaj,0.0
1268,Harsh Kundra,0.0
1269,Nandkumar Rane,0.0
1270,LN Buddharaju,0.0
1271,Anupam Tyagi,0.0
1272,Langoor,0.0
1273,Chandigarh Angels Network,0.0
1274,Social Alpha and other unnamed angel investors,0.0
1275,Bhupen Shah,0.75625
1276,Jayesh Parekh,0.75625
1277,Sanjay Sathe,0.75625
1278,Gautam Chhaochharia,0.0
1279,R Balachandar,0.0
1280,Coleman and Company Ltd,63.9375
1281,Undisclosed angel investors,0.0
1282,Atul Nishar,29.49375
1283,Aneesh Seth,0.61875
1284,Tushar Mittal,0.61875
1285,SIDBI Venture Capital Fund,14.7675
1286,Star India Pvt Ltd,82.5
1287,IDFC Parampara Early Stage Opportunities Fund,8.25
1288,National Science and Technology Entrepreneurship Development Board,0.2475
1289,Draper Associates,7.528125
1290,Private Sector Banks (Debt Funding),123.75
1291,IDG ventures,2.26875
1292,SEGNEL Ventures,0.0
1293,Deepak Gurnani,4.125
1294,Times Internet Ltd,119.625
1295,Asuka,0.0
1296,BEENEXT,58.78125
1297,Cyber Carrier,0.0
1298,Florintree,6.909375
1299,Chidambaram Palaniappan,6.909375
1300,Bharat Sheth,6.909375
1301,Saha Fund,3.9629464285714286
1302,Puneet Gupta,0.0
1303,Nimitt Desai & Others,0.0
1304,Kalaari Capital and IDG Ventures India,5.115
1305,Summit Media,5.115
1306,Atul Goel,5.115
1307,and Gurpreet Singh,5.115
1308,Sujeet Kumar,1.2374999999999998
1309,Bhupender Singh,0.5499999999999999
1310,Yashish Dhaiya,0.5499999999999999
1311,Microsoft,3850.0
1312,eBay,3850.0
1313,Rakesh and Rajesh Jhunjhunwala,15.13875
1314,L\\xe2\\x80\\x99Occitane,93.225
1315,Shripad Nadkarni,5.5
1316,Nandu Nandkishore,0.0
1317,Ravi Saxena,0.52525
1318,Sandeep Raju,0.52525
1319,Kinzon Capital,61.875
1320,FTV Capital,231.0
1321,Ojas Ventures,3.1515
1322,Vishal Jain,0.0
1323,Rohit Sethi,0.0
1324,Gaurav Luniya,0.0
1325,Carlyle Group,412.5
1326,Vikas Bajaj,0.0
1327,Amit Kharbanda,0.0
1328,3one4 capital,0.0
1329,Ankit Gupta,1.340625
1330,Puneet Motihar,1.340625
1331,Verlinvest,0.0
1332,Mayfield India,124.575
1333,Neoplux Technology Fund,20.625
1334,Hemant Kaul,0.556875
1335,Prof. Ram Kumar Kakani & Others,0.1374999999999999
1336,VenturEast,0.0
1337,Meher Roy,0.0
1338,Nikhil Arora,0.0
1339,Meet Kanodia,0.0
1340,Krit Sankalp,0.0
1341,Nitish Singh,0.0
1342,Risabh Gupta,0.0
1343,Om Chaudhry,0.0
1344,Malini Patel,0.42625
1345,Stelcore Management Services,0.42625
1346,Anjani Prasad,0.42625
1347,Samridhi Fund,24.75
1348,Intex Technologies,0.0
1349,Satveer Thakral,0.0
1350,B Capital Group,41.25
1351,Ignition Partners,82.5
1352,Greycroft,41.25
1353,e.ventures,54.21428571428572
1354,\\xc2\\xa0 Eight Roads Ventures,41.25
1355,Satya D Sinha,0.0
1356,Gyanendra Singh,0.0
1357,IFMR Capital Finance,20.625
1358,Jaarvis Accelerator,0.0
1359,Venture Works,8.04375
1360,Earlsfield Capital,9.11625
1361,Temasek Holdings,852.5
1362,Japan Vyas,0.0
1363,Tarun Adlakha,0.0
1364,Facebook FB Start programme,0.33
1365,Ganesh Natarajan,0.0
1366,Amereus Group,22.0
1367,Al Dhaheri family,4.125
1368,ThinQbate,0.0
1369,Axilor Partners,7.975
1370,Anil Jain & other HNIs,26.4
1371,Kleiner Perkins,41.25
1372,Pine Brook,41.25
1373,Mohit Joshi & Others,2.7225
1374,Mahalingam K,1.2375
1375,Vikram Sud,30.9375
1376,Punit Soni,0.0
1377,Utsav Somani,0.6105
1378,Vishal Gondal,4.2625
1379,Vikram Limaye,0.0
1380,Ribbit Capital,127.875
1381,Quake Capital,2.8875
1382,Kalaari Capital Partners,6.1875
1383,Qualcomm,43.3125
1384,3ONE4 Capital Advisors,6.1875
1385,UC-RNT,6.1875
1386,Deepak Natraj,0.4125
1387,Mahesh Murthy,0.4125
1388,Pavan Ongole,0.8839285714285714
1389,Vijay Shekhar Sharma & Others,0.4125
1390,Steadview Capital,1488.85
1391,Konglo Ventures,0.0
1392,White Unicorn Ventures,0.0
1393,BookMyShow,0.0
1394,Facebook FBStart,0.99
1395,Coleman and Co. Ltd (BCCL),159.6375
1396,Softbank Ventures Korea,61.875
1397,IMM Investment,61.875
1398,Indian Angel Network (IAN),7.76875
1399,Nitin Saluja,0.0
1400,Gagan Goyal,0.0
1401,Pankaj Rungta,0.0
1402,Yogesh Agarwal,0.0
1403,Ishan Manaktala,0.0
1404,Chandigarh Angels,0.61875
1405,Rohit,0.61875
1406,Ashish Chand,0.61875
1407,Sunil Singh & Others,0.61875
1408,Paragon Trust,4.125
1409,Sands Capital,115.5
1410,IFC,152.625
1411,Sanjiv Rangrass,115.5
1412,V Balakrishnan,1.0065
1413,PV Srinivasan,1.0065
1414,K2 Capital,6.80625
1415,Rajiv Mehta,0.0
1416,Ramakant Sharma,5.5
1417,Vishal Malik,0.0
1418,DanGold Investment Corp,0.0
1419,Marico Innovation Foundation (MIF),0.0
1420,Villgro,0.0
1421,India Nivesh Growth Fund,35.75
1422,Sixth Sense,35.75
1423,TCI Ventures,35.75
1424,Jasper Infotech Pvt Ltd,470.25
1425,Alibaba Pictures,288.75
1426,BlackSoil Capital Pvt Ltd,6.6
1427,Vedanta Capital,6.1875
1428,William Campbell,6.1875
1429,Toos N Daruvala,6.1875
1430,Aavya Ventures,0.0
1431,Evan Lim,1.03125
1432,Kanchan Ghoshal,0.20625
1433,Ram Kumar Kakani,0.625625
1434,Ronnie Screwvala,28.875
1435,Zishaan Hayath,8.417946428571428
1436,Karan Chellani,0.0
1437,Mohit Satyan,0.0
1438,Lohia Group,41.25
1439,Andre Hoffman,41.25
1440,Deutsche Telekom Strategic Investments & Others,33.825
1441,Vividhity Ventures,0.0
1442,Parampara Early Stage Opportunities Fund & Others,0.0
1443,Harsh V. Pant,0.0
1444,Ratheesh Raveendran,0.0
1445,Quarizon,3.518625
1446,Menterra Social Impact Fund,6.93
1447,\\xc2\\xa0 ru-Net,113.4375
1448,RSI Fund,113.4375
1449,Thrive Capital,113.4375
1450,India Quotient and others,3.63825
1451,Ajith Nair,0.606375
1452,Anish K,0.606375
1453,Amajit Gupta,0.0
1454,Praveen Dubey,0.0
1455,J.P. Bhatt,0.0
1456,Rajasthan Venture Capital Fund,0.0
1457,SB Ventures,0.0
1458,Native Angels Network,0.0
1459,SD Group,0.0
1460,IvyCamp Ventures,0.0
1461,Umang Moondra,0.0
1462,Undisclosed investor,16.260749999999998
1463,Singapore based investor,0.0
1464,YourNest Fund II,0.0
1465,India Educational Investment Fund,0.0
1466,Indochine International,4.125
1467,Iron Pillar and IIFL,27.5
1468,GMO Japan,16.5
1469,Neelesh Bhatnagar,16.5
1470,East Ventures & Others,0.0
1471,\\xc2\\xa0 Amit Ranjan,0.0
1472,Alok Mittal & others,0.0
1473,Senovo,0.0
1474,Unternehmertum Venture Capital,0.0
1475,Alexander Bruehl,0.0
1476,ABM Knowledgeware,18.15
1477,V Aanand R,2.475
1478,Puthen & Cole,0.0
1479,Sanjay Mehta & Others ( The Ten Minute Million),0.8745
1480,The Ten Minute Million,0.8951250000000001
1481,Chandigarh Angels Network (CAN),0.0
1482,Grace Capital Ventures,3.3000000000000003
1483,Soham Vencaps,3.3000000000000003
1484,American Express Ventures,8.25
1485,Cyber Carrier VC,8.25
1486,AdvantEdge Partners,12.375
1487,Songhyun Investment,29.7
1488,GEMs Advisory,0.0
1489,Franchise India,24.75
1490,Lakshmi Vilas Bank & undisclosed HNIs,11.55
1491,Info Edge (India),207.46275
1492,Ajith Sukumaran,0.0
1493,Currae Healthtech Fund,3.073125
1494,Eros Labs,4.125
1495,Investors from Mumbai Angels & LetsVenture,0.0
1496,Mohan Kumar,0.0
1497,V. Balakrishnan,0.0
1498,Venk Krishnan,1.0764285714285715
1499,MJ Aravind,0.605
1500,Vikram Kotak,0.605
1501,Jayant Davar,0.605
1502,\\xc2\\xa0 Ramkumar Nishtal,0.605
1503,Arjun Sharmaa,0.605
1504,Calcutta Angel Network,0.0
1505,Appliyifi,0.0
1506,Max Ventures and Industries,0.0
1507,Verlinvest SA,82.5
1508,Siddhartha Gupta,8.25
1509,Ashvin Chadha,30.31875
1510,Rajesh Yabaji,0.0
1511,Chanakya Hridaya,0.0
1512,Ramasubramaniam B,0.0
1513,Vishwanathan,0.0
1514,Nobel House,0.0
1515,Sunstone Capital,0.0
1516,Zodius Technology Opportunities Fund,49.0875
1517,FiNC,0.0
1518,GHV,0.0
1519,Anbu Pandian,0.4125
1520,Prabhakar MR & Others,0.4125
1521,V. Krishna Prasad,0.0
1522,Bhupen Shah & Others,0.0
1523,Swastika Investmart Ltd,2.45025
1524,Digital Financial Service Lab,0.825
1525,WRV Capital and IndusAge Partners,41.25
1526,Infosys Innovation Fund,41.25
1527,Emerald Media,556.875
1528,Premji Invest,144.375
1529,North Base Media,3.5357142857142856
1530,Aarin Capital,19.78821428571429
1531,KTB Network,15.2625
1532,Cyber Carrier CL,0.0
1533,International Financial Corporation,123.75
1534,Dr. Apoorv Ranjan Sharma,0.4125
1535,Anil Jain,0.0
1536,Anuj Golecha,0.0
1537,Krishna Jhunjhunwala,0.0
1538,Anirudh Damani,1.2374999999999998
1539,Let\\xe2\\x80\\x99s Venture,2.0625
1540,Fireside Ventures & Others,0.0
1541,HCS Venture capital fund,0.0
1542,Taxmann,2.673
1543,Kaushal Agarwal,0.495
1544,Harminder Sahani,0.495
1545,KK Mehra,0.495
1546,Pranay Jivrajka,0.495
1547,Navjot Saini,0.495
1548,Ivy League Alumni Angel Network,16.5
1549,Lead Angels Group & Others,0.0
1550,Pradyumna Dalmia,2.8875
1551,S. Somasegar & Others,0.0
1552,Ritesh Mehta,0.0
1553,Aruna Ganesh Ram,0.0
1554,CoCreate Ventures,0.0
1555,\\xc2\\xa0 Kaleden Holdings,0.0
1556,Kedar Lele,0.825
1557,GHV Accelerator,3.3
1558,Calcutta Angels Network,0.0
1559,Yogesh Andlay,0.0
1560,Vaibhav Jain,0.0
1561,Gati Ltd,0.0
1562,Aavishkaar Venture Management,8.25
1563,Ameera Shah,1.431375
1564,A M Sikander,0.37125
1565,Justin Kan,3.5357142857142856
1566,Qasar Younis,3.5357142857142856
1567,Paul Bucche,3.5357142857142856
1568,Susa Ventures,3.5357142857142856
1569,Kima Ventures,3.5357142857142856
1570,Axan Venture,3.5357142857142856
1571,SCM Holdings,3.5357142857142856
1572,ADAG Reliance Private Equity,99.0
1573,iSON,4.125
1574,Gleevoaz Ventures,0.0
1575,Arun Seth,0.0
1576,T.V. Mohandas Pai,0.0
1577,Deepak Ghaisas,0.0
1578,RTP-HC,13.75
1579,Wonder Ventures,13.75
1580,Techstars Ventures & Others,13.75
1581,Pramod Bhasin,0.0
1582,Times of India Group & Existing investors,111.375
1583,R.S Sharma,0.0
1584,Omnivore Capital,8.25
1585,Hitesh Windlass,0.0
1586,Devdeep Singh,0.7425
1587,Khosla Impact,39.80625
1588,YMS Mobitech,0.0
1589,Sanjai Vohra,0.0
1590,V. Bunty Bohra,0.0
1591,Undisclosed multiple investors,1.21275
1592,Delta Partners,33.0
1593,\\xc2\\xa0 Mayfield,33.0
1594,Blacksoil,33.0
1595,Lightspeed Venture Partners India,41.25
1596,Lightspeed US,41.25
1597,Dr. Pooja Gandhi,0.0
1598,Barkawi Holdings GmbH,0.0
1599,TM Service Technology Holdings Gmbh,0.0
1600,Sreevathsa Prabhakar,0.0
1601,VC Karthic,0.0
1602,Miten Mehta,0.0
1603,Umasankar Nistala,0.0
1604,Rakesh Patel,0.0
1605,Akash Bhavsar,0.0
1606,Jeevanandhan Rajagopal,0.0
1607,Vikas Chadha & Others,0.0
1608,Reliance Entertainment,0.0
1609,Subramanya Venkat,0.0
1610,Manish Maheshwari,8.25
1611,Contrarian Vriddhi Fund,8.25
1612,Mohit Sharma,0.0
1613,Silver Range Investments,2.75
1614,Lumina Datamatics,2.75
1615,Shun Yoshida & Others,2.75
1616,Yang Shu,3.972375
1617,Shekhar Sahu,0.61875
1618,Nitesh Pant,0.61875
1619,Dileep Bhatt,0.825
1620,Milind Chaudhary,0.825
1621,Krishna Rokhale,0.825
1622,Blume Ventures & Others,0.0
1623,TVS Group,4.125
1624,Mahindra Univeg,0.0
1625,Viraj Tyagi & Others,1.65
1626,Mahindra Holidays & Resorts India Ltd,3.7125
1627,Naveen Arya,8.25
1628,Tarun Joshi,8.25
1629,SeedPlus,13.406249999999998
1630,Xchange Investors NV,12.375
1631,TransGlobal FZC,12.375
1632,3One4 Capital,0.0
1633,Pravin Gandhi,1.375
1634,\\xc2\\xa0 Smart Start Fund; Kunal Shah,1.375
1635,\\xc2\\xa0 Sandeep Tandon,1.375
1636,& Others,1.375
1637,Russian venture capital fund Ru-Net,6.1875
1638,Healthsquad,0.0
1639,Ventureast Fund Advisors,0.0
1640,Sumpoorna Group,0.0
1641,HAX Accelerator,0.825
1642,HDFC,10.175
1643,Faering Capital,40.425
1644,Elevate Sports,10.175
1645,Sanjay Nayar,30.9375
1646,Anil Jaggia,30.9375
1647,Narayan Seshadri,30.9375
1648,Radhakrishnan Natarajan & Others,0.0
1649,undisclosed investor,12.58125
1650,Nitin Passi,0.825
1651,Manickam Mahalingam,0.825
1652,Udaan Angels,1.85625
1653,Rajesh Arora,0.825
1654,Arkas Industries,0.825
1655,Arun Venkatachalam,0.0
1656,\\xc2\\xa0 Badal Malick,0.0
1657,FAO Ventures,3.3
1658,Tushar Singh,3.3
1659,Ranjan Sharma,3.3
1660,Virendra Patel,3.7125
1661,Gray Matters Capital,61.875
1662,Quarizon Consultancy Services LLP,0.0
1663,Karan Bhagat,0.0
1664,ByteDance,34.375
1665,Arun Sarin,34.375
1666,\\xc2\\xa0 Falcon Edge,34.375
1667,Mayank Shah,4.125
1668,Shreyans Shah,4.125
1669,Vishnu Bhat,0.0
1670,Rajiv Lunkad,0.0
1671,Naresh Ravindranath,0.0
1672,Boman Irani,0.0
1673,Dhruv Chitgopekar,0.0
1674,Prantik Dasgupta,0.0
1675,Hemant Sahni,2.475
1676,Bravia Capital,132.0
1677,Newbie Promoters,1.2375
1678,General Catalyst Partners,20.625
1679,TLabs,0.0
1680,Lightbox Ventures,231.0
1681,Axis Capital & Others,123.75
1682,Next Orbit Ventures Fund,6.1875
1683,Mobikon,0.0
1684,Janak Jain,2.475
1685,KAE capital,0.0
1686,IIFL Seed Ventures Fund,30.9375
1687,Mayfield Ventures,125.8125
1688,Swastika Company Ltd,3.47875
1689,Lalit Vase,0.825
1690,Astarc Ventures,8.9925
1691,hooting Starts Sports LLP,4.125
1692,Franchise India Brands,4.125
1693,Eureka Forbes Ltd,1.925
1694,Shapoorji Pallonji & Co. Ltd.,1.925
1695,Omnivore Partners,8.01075
1696,Hero MotoCorp,222.75
1697,Ajay Nanavati,0.0
1698,Afsal Salu,0.0
1699,Michael Herzig,2.0625
1700,Ashish Lakhanpal,2.0625
1701,Karanpal Singh & Others,8.25
1702,growX ventures,0.0
1703,Pradeep Dhobale,0.0
1704,Amit Choudhary,0.0
1705,Grasshoppers,0.0
1706,Anita Dongre,0.0
1707,Yash Dongre,0.0
1708,Milind Sarwate,0.0
1709,William Bissel,0.0
1710,Infina Finance Pvt. Ltd,5.56875
1711,PremjiInvest,110.0
1712,Venturra Capital,11.0
1713,Susquehanna International Group.\\xc2\\xa0 Wavemaker Partners,11.0
1714,Sailender Solanki,0.86625
1715,Rajiv Solanki,0.86625
1716,CareerNet Consulting Pvt. Ltd,1.8425
1717,Ideation Initiative Pvt. Ltd,1.8425
1718,Idein Ventures,4.29
1719,Chan Zuckerberg Initiative,82.5
1720,Sofina,621.6964285714286
1721,Lightspeed Ventures,150.5625
1722,Ravi Linganuri,0.0
1723,Dr. Rameshwar Kumar,1.2375
1724,havya Sharma,1.85625
1725,Amit Nagar,1.85625
1726,Harinder Takhar,0.0
1727,Zain Raj,0.0
1728,Dr. Prasad Kaipa,0.0
1729,Abaran Deep,0.0
1730,Aseem Sood,0.0
1731,Mustafa Patni,0.0
1732,Rahul Kayan,0.7392000000000001
1733,Nikhil Golcha,0.7392000000000001
1734,Shubham Gupta,0.7392000000000001
1735,Roy Kwan,0.7392000000000001
1736,Fork Media,24.75
1737,Mariwala family,50.7375
1738,Pradeep Mirani,0.61875
1739,Aqeel Ahmed,0.61875
1740,Anand Ladsariya,1.03125
1741,Nitin Agarwal,0.61875
1742,Raj Singh Bhandal,0.0
1743,BlackSoil Capital Pvt. Ltd.,20.625
1744,Balasubramanian Krishnamurthy,0.61875
1745,Sidhartha Hazarika & Others,0.61875
1746,Scadea Solutions Inc,0.0
1747,Dheeraj Jain,1.2375
1748,Palash Jain,0.20625
1749,\\xc2\\xa0 Vivek Bhargava,0.20625
1750,Rahul Singh,0.20625
1751,Lightbox Ventures and others,41.25
1752,Ganesh Narasimhan,0.2749999999999999
1753,Ramana Thumu,0.2749999999999999
1754,Sudhir Mallem,0.2749999999999999
1755,Sumit Jain,0.6875
1756,KellyGamma,0.0
1757,Lead Angels & Others,0.0
1758,Goldman Sachs Group,64.55625
1759,Zodius Technology Fund,739.68125
1760,Lothal Angel Ventures,2.4585
1761,Anglian Omega Network,2.8875
1762,Akusa Holdings,0.0
1763,Cisco Ventures,16.5
1764,Idea Wave Labs,0.0
1765,Prashant Tandon,0.0
1766,Gaurav Agarwal,0.0
1767,Gaurav Bhogle,0.0
1768,Shrishti Sahu,0.0
1769,Shantanu Mathur,0.0
1770,Prabhat Aggarwal,0.0
1771,Scale Ventures Funds,0.0
1772,Procam International Pvt. Ltd,0.0
1773,Flipkart Logistics Pvt. Ltd,13.035
1774,Pratik Seal,0.0
1775,Swastika Co Ltd.,8.25
1776,Blue Cloud Ventures,105.1875
1777,Hercules Capital,105.1875
1778,Now Capital,1.485
1779,Kanwaljit Singh,9.625
1780,Ajay Lakhotia,0.0
1781,ah! Ventures,19.085
1782,Boost VC,2.0625
1783,Bank to the Future and Funders Club,2.0625
1784,Bhavin Turakhia,156.75
1785,Mudit Saxena,0.825
1786,Undisclosed HNIs,30.07125
1787,Syska LED group,20.625
1788,The HR Fund,7.8375
1789,Quintillion Media,6.88875
1790,Subramanya SV,0.0
1791,Ravi Garkipati,0.0
1792,Sachin Bhatia,1.684375
1793,Darius Pandole,1.375
1794,Kunal Khattar,1.375
1795,Dheerag Jain,1.375
1796,Paul Roy,7.3425
1797,Existing Investors,4.125
1798,Promatus Group,0.22275
1799,Geniee,0.0
1800,Inc,0.0
1801,Swastika Company Ltd.,0.33
1802,1Crowd (through crowd funding),1.65
1803,Centre for Innovation Incubation and Entrepreneurship (CIIE),0.0
1804,Sharad Sharma & 14 others,2.0625
1805,Noshir Kaka,0.99
1806,Subramanian Ramadorai,0.99
1807,Kiran Deshpande,0.99
1808,Pankaj Gupta,17.49
1809,Ravi Nigam & Others,0.99
1810,Gujarat Venture Finance Limited (GVFL),28.875
1811,Bennett Coleman & Co. Ltd,28.875
1812,ThirtyThree Investments,0.0
1813,Soumitra Sharma,0.0
1814,Deepak Sharma,0.0
1815,Sumit Dayal and others,0.0
1816,1Crowd (through crowdfunding),1.72425
1817,Mukul Singhal,2.8875
1818,Rohit Jain,2.475
1819,Himanshu Aggrawal,2.475
1820,Sunil Goyal Ashish Gupta,2.475
1821,Westbridge Capital Partners,128.7
1822,HT Media Ltd,36.3
1823,Manoj Varghese,0.0
1824,Foxconn Technology Group,288.75
1825,Bharti Enterprises,288.75
1826,Ananth Narayanan,0.34375
1827,Divyesh Shah,0.34375
1828,Undisclosed Dubai based HNIs,0.0
1829,Swan Angel Network,2.784375
1830,Sachin Khandelwal and others,1.546875
1831,Infocomm Investments,1.85625
1832,Accel Partners RNT Associates,1.85625
1833,Maninder Gulati,0.0
1834,Speridian Technologies,0.0
1835,Aspire Systems,0.0
1836,Satish Vasudeva,0.0
1837,Madhusudhan Jujare & Others,0.0
1838,Torrent Group,305.25
1839,Exfinity Venture Partners & Others,0.0
1840,Vijay Kedia,0.0
1841,Riju Gupta,0.4125
1842,Kamal Chabra,0.4125
1843,Dr. Goutam Challagalla,0.0
1844,Outbox Ventures,1.656875
1845,Jaspreet Bindra,0.2749999999999999
1846,Arjun Malhotra,0.2749999999999999
1847,Rohan Malhotra,0.2749999999999999
1848,Sidharth Rao,0.2749999999999999
1849,Rakesh Agrawal,0.2749999999999999
1850,Rohit Chokhani,0.0
1851,\\xc2\\xa0 Kunal Shah,1.1785714285714286
1852,Ashish Tulsian,1.1785714285714286
1853,Vineet Taneja,0.0
1854,Kamal Puri,0.0
1855,Mohit Lalvani,4.125
1856,Scale Ventures,0.0
1857,CureFit,24.75
1858,P39 Capital,0.0
1859,Abhinav Sinha,0.0
1860,Globevestor Angel Fund,0.0
1861,Devendra Rane,0.0
1862,Ravi Jain,0.0
1863,\\xc2\\xa0 Arpan Nagdeve,0.0
1864,Ford Smart Mobility Llc,198.0
1865,Instalabs,4.125
1866,Net1 UEPS Technologies Inc,330.0
1867,Undisclosed Ex Mckinsey Directors and Partners,4.5375
1868,Kunal Shah & Sandeep Tandon,5.2250000000000005
1869,Dr. Abhishek Pandey,12.375
1870,Jaysukh Sapra,12.375
1871,Hitouch AG,0.0
1872,Undisclosed HNI investors,8.25
1873,Rajasthan Angel Investor Network & Others,1.22925
1874,Ashutosh Lawania,0.2145
1875,Rajul Jain,0.2145
1876,Badal Malick,0.2145
1877,Rishi Gupta & Others,0.2145
1878,MediaTek Inc.,495.0
1879,Sophia Investment ApS,16.5
1880,Ambit Pragma,0.0
1881,MasterCard,0.0
1882,Aaruha Technology Fund,0.0
1883,Zaffiro Ventures,5.15625
1884,SD Ventures,0.0
1885,Vistaar Investment Advisors Pvt. Ltd.,0.0
1886,Deepak Gupta,1.65
1887,Aramex Ventures Llc,16.5
1888,IIFL Wealth Management Seed Venture Fund,33.0
1889,Aspada,33.0
1890,YourNest Angel Fund\\xc2\\xa0 & Others,8.25
1891,Stripes Group,169.125
1892,\\xc2\\xa0 Abhishek Jain,2.003571428571429
1893,Gaurav Singhvi,1.03125
1894,Kirthiga Reddy,0.81675
1895,Renuka Ramanath,0.81675
1896,Cherry Tin,0.81675
1897,ru-Net,98.7642857142857
1898,AVG Group,0.0
1899,Rothenberg Ventures,0.0
1900,Alex Chua,0.0
1901,Rahul Garg,0.0
1902,Blume Ventures & IvyCap Ventures,24.75
1903,Brian Acton,28.875
1904,Sattva Capital,6.1875
1905,Stanford Angels & Entrepreneurs,0.0
1906,Harvard Angels,0.0
1907,\\xc2\\xa0 Times Internet,0.0
1908,Ashish Mahajan,0.0
1909,Sarvesh Sharma,0.0
1910,Rishi Parti,2.0625
1911,Yogesh Bansal,0.4125
1912,Rainmaker Ventures,49.5
1913,Ajay Piramal,0.0
1914,Gaurav Bhalotia,2.6517857142857144
1915,Jaspal Bindra,0.0
1916,Parth Jindal,0.0
1917,Plug and Play Tech Center,4.41375
1918,Steelhead Ventures & Others,4.41375
1919,Anurag Gupta,0.0
1920,Varun Khanna,0.0
1921,Faraz Khan,0.0
1922,GEMS group,2.0625
1923,Abhijit Avasthi,0.0
1924,SP Vijay,0.0
1925,IIFL and Accel Partners,61.875
1926,Intelli Reboot Digital Pvt. Ltd,0.0
1927,Satish Jamdar,0.0
1928,Star India Pvt. Ltd,82.5
1929,Franklin Templeton International Services Pvt. Ltd,123.75
1930,Green House Ventures Accelerator,2.0625
1931,Abhishek Agarwal,0.8181250000000001
1932,Krishnakumar Nataraj,0.8181250000000001
1933,Sarath Sura,9.068125
1934,Shanti Mohan,0.8181250000000001
1935,Sarthak and Nihit Agarwal,0.8181250000000001
1936,Suramya Gupta,0.8181250000000001
1937,Nilesh Shah,0.0
1938,Nihon Kotsu Co,8.25
1939,Swastika Company Pvt Ltd,0.0
1940,MapmyIndia,0.0
1941,Parampara Capital,16.5
1942,MadhanKumar Madathupalayam,0.0
1943,Romulus Capital,16.5
1944,Sreenivasa Reddy Musani,3.696
1945,Yeahmobi,8.25
1946,Fenqile,8.25
1947,Microsoft Ventures,94.875
1948,Salesforce Ventures,94.875
1949,Sanjiv Rai,0.0
1950,Venkat Tadanki,0.0
1951,Krishna Mehra,0.0
1952,Amit Rathore,0.0
1953,Axiata Digital,132.0
1954,Ankit Maheshwari,0.0
1955,Anand Singh,0.0
1956,BlackJag Partners,1.65
1957,Cameron Jones,0.0
1958,Ritesh Dwivedy,5.5
1959,Priti Padhy,0.0
1960,3 undisclosed HNIs,16.5
1961,Vivek Joshi,0.0
1962,Mohit Satyanand,0.0
1963,Amit Banati,0.0
1964,Arun Khanna,0.0
1965,TVS Automobile Solutions Ltd,0.0
1966,EVC Ventures,4.125
1967,Valpro Capital and existing investors,0.0
1968,MCube8,0.0
1969,You & Mr Jones,16.5
1970,Fortisure Ventures,16.5
1971,Diaz Nesamoney,16.5
1972,Blume Ventures & Vaibhav Domkundwar,4.125
1973,Accel Partners India,61.05
1974,IvyCap Ventures and Unicorn India Ventures,0.0
1975,Atul Ingle,0.0
1976,Guy Oseary,0.0
1977,Nimmagadda Prasad,0.0
1978,Ravi Adusumalli,49.5
1979,New Enterprise Associates (NEA),34.41428571428571
1980,BetOnIndia Technology Pvt Ltd,0.0
1981,Sanjay Verma,0.0
1982,Amit Khanna (LetsVenture),0.0
1983,Hamraj Kumar,0.0
1984,Timbru Ventures,0.0
1985,Concur Technologies,0.0
1986,Gund Investment,0.0
1987,IndiaMart,0.0
1988,Bitkemy Ventures,3.3
1989,Unicorn Venture,1.85625
1990,CP Bothra,0.0
1991,RB Investments PTE Ltd,24.75
1992,Rahul Kirloskar,0.2475
1993,Fusion Tech Ventures,0.2475
1994,Adi Saravanan,0.2475
1995,Pravin Dongre,0.2475
1996,Mahendra Doshi,0.2475
1997,Saif Partners,28.875
1998,Purvi Ventures,0.5775
1999,Vipin Arora,0.5775
2000,Rise India,0.0
2001,Jitendra Gupta,0.20625
2002,Pankaj Tripathi,0.20625
2003,Aprameya Radhakrishnan,1.4142857142857144
2004,Phanindra Sama,14.783214285714283
2005,Subba Rao Telidevara,1.4142857142857144
2006,Vibhu Garg,1.8267857142857145
2007,Paula Ravindra Mariwala,1.4142857142857144
2008,Kanodia family,0.0
2009,Amit Banka,0.0
2010,GVFL Ltd,24.75
2011,Sanjeev Sinha,2.43375
2012,Soniks Consulting,0.0
2013,vCommission,2.38425
2014,Harsh Vardhan Hada,0.4125
2015,Piyush Jain,0.0
2016,Uniqorn Ventures Fund,4.125
2017,S Somasegar,4.125
2018,Accel Partners & existing investors,0.0
2019,Carpediem Capital & Others,3.036
2020,Niloufer Dundh,0.0
2021,Fauzan Rahim,0.0
2022,Balamurugan Mani,0.0
2023,Ankush Mehta,1.19625
2024,StartupXseed Ventures,0.0
2025,GMO Payment Gateway,206.25
2026,MediaTek,206.25
2027,Shruth & Smith Group,0.7425
2028,Hermes Group,0.7425
2029,Rohan Angrish,0.3299999999999999
2030,Hrishi Oberoi,0.3299999999999999
2031,Rahul Mehta,0.3299999999999999
2032,Kapil Hetamsaria,0.3299999999999999
2033,Pranav Dedhia,0.3299999999999999
2034,International Finance Corp,82.5
2035,Adveq Management,82.5
2036,Helion Venture,24.75
2037,VentureEast,24.75
2038,India Alternatives,24.75
2039,Grex.in,3.3
2040,Kalaari Capital Accelerator Program,12.375
2041,Group of undisclosed Angel Investors & HNIs,3.09375
2042,MoMagic Technologies,12.16875
2043,Rajul Garg & Others,0.0
2044,Rajesh Ranavat,5.671875
2045,Roopak Saluja,1.85625
2046,Vishal Khare,3.458125
2047,Manish Kheterpal,4.88125
2048,Vinay Mittal,0.515625
2049,Dinesh Mittal,0.515625
2050,Sandeep Gupta,0.515625
2051,NanoHoldings,148.5
2052,JM Financial Products Ltd,0.0
2053,Doreswamy Nandkishore,0.0
2054,Kshitij Jain,0.0
2055,Khazanah Nasional Berhad,1299.375
2056,Creation Investments Capital Management,51.5625
2057,Aspada Ventures,51.5625
2058,GROUPE SOS,1.2375
2059,Rakesh Gupta,0.0
2060,Aditya Aggarwal,0.0
2061,Siddharth Banerjee,0.0
2062,Vikas Ranjan,0.0
2063,Anshul Jindal,0.0
2064,Sunil Koul,0.0
2065,and Sanjeev Agrawal,0.0
2066,Anurag Chauhan,0.0
2067,Nexus Ventures,55.6875
2068,Undisclosed Investors & Tamarind Family Private Trust,18.15
2069,S Chand,4.125
2070,Kinnevik Group,0.0
2071,Rocket Internet,429.0
2072,Rata Tata,0.0
2073,Anuj Srivastava,1.375
2074,Katabole Technology Venture,0.825
2075,Kaizen Management Advisors,41.25
2076,DeVry Inc,41.25
2077,Aprameya,0.0
2078,Venk,0.0
2079,Ravi Machani,0.0
2080,Hitesh Gupta,0.0
2081,Rohit Choudhary,0.0
2082,Chatsworth Management,2.0625
2083,ITW Digital,2.0625
2084,Pradeep Reddy Kamasan,0.0
2085,MCube Capital Advisors Pvt Ltd,0.0
2086,Sudhir Mehta,0.825
2087,FF Angel,8.25
2088,India Innovation Fund India Venture Partners,0.0
2089,Vikram Lakhotia,0.825
2090,Ashish Gupta and other undisclosed investors,0.0
2091,NSI Infinium Global Pvt. Ltd,73.425
2092,Nelstone Ventures,5.56875
2093,Transmedia Capital,5.56875
2094,Maiden Lane Ventures,5.56875
2095,CSC Upshot & Angel investors,5.56875
2096,Alok Sharma,0.0
2097,Saurabh Srivastava,0.0
2098,and Ajai Chowdhry,0.0
2099,Vineet Singh,0.0
2100,Equentia Natural Resource & Other undisclosed investors,0.0
2101,Xiaomi Inc,206.25
2102,N.S. Raghavan Centre for Entrepreneurial Learning,0.0
2103,Mukesh Bansal,0.0
2104,TM Service Technology Holdings GmbH,0.0
2105,DTDC Express Ltd,8.25
2106,Ninestarter,4.125
2107,Nazara Technologies Pvt Ltd,0.0
2108,IDG,0.0
2109,Mahendra Patel,0.165
2110,Nilender Chauhan,0.165
2111,Rattan Chadha,1.65
2112,Wingify,0.0
2113,DSG Consumer Partners and Venture Nursery,165.0
2114,Prashant Puri,2.475
2115,Shaan,0.0
2116,Daud Ali,0.0
2117,Narendra Karnavat,0.0
2118,Vikas Kapoor,0.0
2119,Krishna Jhunjhunwaala,0.0
2120,Jayesh Shah,0.0
2121,Pravin Khandelwal,4.125
2122,Yatin Kumar Jain,4.125
2123,Dr. Sridhar Ramaswamy,1.03125
2124,Rakesh Mathur,5.15625
2125,StartUp Equity Partners,0.0
2126,Rajeev Agrawal,0.4125
2127,Prashant Gooty,0.4125
2128,Ram Shriram,0.0
2129,Neeraj Arora,0.0
2130,Puru Vashishtha,0.0
2131,Mount Nathan Advisors,13.75
2132,Mahavir Pratap Sharma,1.2375
2133,Ajay Data,0.0
2134,Sanjay Phophaliya,0.0
2135,Kamal Kothari,0.0
2136,Naturals Salon Chain,123.75
2137,Vivek Nathani,0.0
2138,H C Jain,0.0
2139,Pawan Munjal,0.0
2140,Ajay Data & other HNIs,0.0
2141,Mitin Patel,0.0
2142,Paytm & existing investors,82.5
2143,Stanford Angels,5.225
2144,Man Capital,16.5
2145,RN Agarwal,0.0
2146,Undisclosed Angel investors & HNIs,0.0
2147,Adil Allana,0.0
2148,Gautam Ivatury,0.0
2149,Signal Point Partners,0.0
2150,Ajay Data & undisclosed HNIs,0.0
2151,M&Y Partners,0.0
2152,SVG Media,0.0
2153,Anthil Ventures & others,0.0
2154,GirnarSoft,8.25
2155,Mayfield India II Management Ltd,24.75
2156,NTT Finance,0.0
2157,Telephone Corporation,0.0
2158,GrowthStory,0.9075
2159,Apurva Salapuria,0.9075
2160,Hitesh Oberoi,0.9075
2161,Nirupa Shankar,0.9075
2162,IDFC SPICE Fund,61.875
2163,Micromax Informatics,61.875
2164,Max Levchin,5.3625
2165,Scott Banister,5.3625
2166,Blume Ventures & Other unnamed Investors,4.95
2167,Anand Rajaraman,3.3000000000000003
2168,Venky Harinarayan,3.3000000000000003
2169,Fundnel,2.0625
2170,S Chand & Co,0.0
2171,Lip-Bu Tan,0.0
2172,Michael Marks,0.0
2173,Nicolas Braithwaite,0.0
2174,Kludein LLC\\nPhanindra Sama,0.0
2175,Narayan Ramachandran,3.3000000000000003
2176,Pranav Pai,0.0
2177,Dino Morea,0.0
2178,Blinc Advisors,1.65
2179,Amit Nanavati,1.65
2180,Tashwinder Singh,1.65
2181,Taranjit Jaswal,1.65
2182,Amit Khanna,1.65
2183,Matt Glickman,0.0
2184,Anoop Hingorani,0.0
2185,Manoj Kumar & Other undisclosed investors,0.0
2186,Daman Soni,0.4125
2187,Rajat Gupta & Others,0.4125
2188,Mohit Gulati,0.0
2189,Ruchirans Jaipuria,2.0625
2190,Anuj Sanghi,2.0625
2191,Zop Smart,6.1875
2192,Sol Primero,2.206875
2193,Sudhir Anandarao,0.825
2194,Ankur Warikoo,0.825
2195,Ankur Singla,0.825
2196,Unicorn Ventures,2.0625
2197,Naveen Tewari,2.003571428571429
2198,Abhay Singhal,0.4125
2199,Amit Gupta,3.828
2200,Piyush Shah,0.6599999999999999
2201,Undisclosed private investors,0.825
2202,Vijay Krishna Yadav,0.0
2203,Daud Ali and others,0.0
2204,Undisclosed Japanese investor,13.2
2205,Nirvana Digital India Fund,25.575
2206,Nirvana Digital Investment Holding Co Ltd,13.2
2207,500 Start-Ups,13.2
2208,Aspada Investment Advisors,19.18125
2209,Blume Ventures.,2.68125
2210,Amadeus Capital,0.0
2211,Entrepreneurs India,2.75
2212,ajesh K Murthy,6.875
2213,PurpleTalk Inc,8.25
2214,Dheeraj Jain & Other angel investors,3.3
2215,Raj Gala Shah,0.0
2216,Zaheer Memon,0.0
2217,Greycroft Partners,66.0
2218,Fidelity Growth Partners India,68.75
2219,Mohit Goel,8.25
2220,Janak Parikh,0.0
2221,Hari Krishna,0.23059575
2222,Ajay Modani,0.23059575
2223,Dr V Ravinder,0.23059575
2224,Anirudh Rastogi,0.23059575
2225,Abhishek Jain,0.23059575
2226,Rakesh Gakhar,0.23059575
2227,Rajeev Mudumba,0.23059575
2228,Nagendra Prasad Bhanuprakash,0.23059575
2229,Agarwal Movers Group,122.925
2230,Hemang Sahani,0.0
2231,S Chand and Co Pvt Ltd,5.775
2232,Funding through 1Crowd platform,1.2375
2233,Alex Kuruvilla,0.515625
2234,Pradeep Guha,0.515625
2235,Saket Dhankar,0.515625
2236,Rajan Pandhare,0.515625
2237,Chandrashekar Tallapragada,0.7425
2238,Pankaj Kapoor,0.7425
2239,Abhishek Goyal,0.4125
2240,Arjun and Rohan Malhotra,0.4125
2241,Harpreet Singh Grover,0.4125
2242,Gagan Dugal,0.4125
2243,Rannvijay Singh,0.4455
2244,Anita Hassanandani,0.4455
2245,Sashi Reddi & Other unnamed investors,12.375
2246,Naveen Gupta,0.2475
2247,Google Capital,106.07142857142856
2248,CASHurDRIVE Marketing Pvt Ltd,16.5
2249,Abraaj Group,1237.5
2250,Tracxn Labs & Others,2.475
2251,Rishi Mandawat,0.0
2252,Dexter Angel Circle,0.0
2253,Pix Vine Capital,1.485
2254,Infocomm Development Authority of Singapore,1.485
2255,GAIN,0.0
2256,Devidas Desai,0.2749999999999999
2257,Vipul Gautam,0.2749999999999999
2258,Littlerock,0.0
2259,BitChemy Ventures,0.5445
2260,Maheshwari Investments Pvt Ltd,0.5445
2261,Anshoo Gaur,0.5445
2262,Rama Krishna Reddy,0.5445
2263,Sandeep Seerapu,0.5445
2264,Broadbean Capital services,4.125
2265,Bharanidharan Viswanathan,0.309375
2266,Sanjiv Mittal,0.309375
2267,Shobhit Shukla,0.309375
2268,Rahul Agarwal,0.309375
2269,Robin Utthappa,0.0
2270,Daljit Singh,0.495
2271,Aditya Vij,0.495
2272,Kishore Kumar,0.495
2273,Shuchin Bajaj,0.495
2274,Sarva Capital,38.775
2275,Jay Vijayan,4.125
2276,SoftBank Ventures Korea,0.0
2277,Himanshu Aggarwal,0.5499999999999999
2278,Puneet Agarwal,0.5499999999999999
2279,Mohandas Pai,0.61875
2280,Ajay Sarupria,0.0
2281,Snow Leopard Technology Ventures,13.2
2282,Wipro Ventures,16.5
2283,\\xc2\\xa0 Lumis Partners,16.5
2284,T V Mohandas Pai,0.0
2285,\\xc2\\xa0 Aarin Capital,0.0
2286,Multiple investors through Ten Minute Million competition,0.556875
2287,Dunamis Ventures Pte Ltd.,8.25
2288,Green House Ventures (GHV),3.3
2289,Ingram Content Group,0.2475
2290,Oranda Global & Others,0.2475
2291,Sherpa Capital,55.6875
2292,Nyca Partners and Thomvest Ventures,55.6875
2293,Vandana Luthra,0.0
2294,Venturesity,0.0
2295,Arihant Patni,7.35625
2296,Zia Mody,1.1785714285714286
2297,Rakesh Desai,1.1785714285714286
2298,Rakesh Malhotra,1.1785714285714286
2299,Vinod Jain & Others,0.0
2300,Vinod Bansal,0.0
2301,Sanjeev Singhal,0.0
2302,Mahesh Parasuraman,0.0
2303,Rahul Gautam & Others,0.0
2304,Valiant Capital,39.53125
2305,Rajesh Sawhney,1.375
2306,India Ventures,0.0
2307,Aarin Capital & Others,0.0
2308,Edelweiss Financial Services,0.0
2309,Lion Ventures,1.65
2310,Manipal Global Education Services,24.75
2311,Atul Jain,0.0
2312,Anil Gelra,0.0
2313,Jaikumar Nair,0.0
2314,Jaideep Mehta,0.0
2315,Sachin Dalal,0.0
2316,Jayabalan Subramanian,1.03125
2317,Alok Rawat,4.125
2318,Grey Orange Robotics,4.125
2319,Sunil Mehta,8.25
2320,Aspada Advisors,13.75
2321,\\xc2\\xa0 Inventus Capital,13.75
2322,Ontario Teachers\\xe2\\x80\\x99 Pension Plan & Others,1650.0
2323,Saumya Tandon,0.0
2324,Mukesh Kumar Gupta,0.4125
2325,Vaibhav Doshi,0.4125
2326,Joby Babu,0.4125
2327,Abhishek Acharya,0.4125
2328,Manish Shah,0.4125
2329,\\xc2\\xa0 Tracxn Labs,2.0625
2330,Ranjit Singh,0.0
2331,Powai Lake Ventures,5.066875
2332,Virendra Shekhawat,0.0
2333,Deepak Chokhani,0.0
2334,Yogesh Patel & Others,0.0
2335,Siddhivinayak Skyscrapers,11.0
2336,Dinesh R. Challa,11.0
2337,Vishwadeep Bajaj & Others,0.0
2338,Rajnish Sinha,0.0
2339,Prijit Debnath,0.0
2340,KWAN Entertainment & Marketing Solutions,1.44375
2341,Powerhouse Ventures & Others,1.44375
2342,Dr Nandish Domlur,0.0
2343,Amit Sandill,0.0
2344,K Ganesh,5.892857142857143
2345,Sujal Shah,0.0
2346,Aneesh Reddy & Teruhide Sato,0.0
2347,Farooq Oomerbhoy & Other angel investors,2.475
2348,Qualcomm (Through QPrize Contest),2.8875
2349,Aavishkaar,82.5
2350,Varun Aggarwal,1.1
2351,Purvi Ventures & Others,3.3
2352,3 undisclosed investors,0.0
2353,Nitin Bagmane & Other undisclosed investors,8.25
2354,Accel Partners & Others,825.0
2355,\\xc2\\xa0 Vikram Lal,0.0
2356,Abhijit Bhandari,0.0
2357,Shashank Bhagat,0.0
2358,Rocket Internet AG,12.964285714285714
2359,Holtzbrink Ventures,12.964285714285714
2360,Deutsche Telekom Strategic Investments (DTSI),12.964285714285714
2361,Silicon Valley Bank,120.21428571428572
2362,The Phoenix Fund and others,0.0
2363,Yajnanarayana Kammaje,1.32
2364,Tracxn Syndicate,0.0
2365,Qualgro,13.75
2366,Mamoru Taniya,13.75
2367,Suresh Venkat,1.1
2368,Raj Y,1.1
2369,Vishal Bali & Others,0.0
2370,Calcutta Angels,1.821875
2371,Ashish Hemrajani,11.9625
2372,Parikshit Dar,11.9625
2373,Rajesh Balpande,11.9625
2374,Kapil Goel,1.19625
2375,Insitor Impact Asia Fund,10.3125
2376,Acumen Fund,32.587500000000006
2377,Siddharth Pai,0.0
2378,Manvinder Singh Banga,0.0
2379,MeritTrac,0.0
2380,Deepinder Goyal,8.25
2381,Mayank Singhal,8.25
2382,Samir Bangara,0.0824999999999999
2383,Anisha Mittal,0.0824999999999999
2384,Lalit Mangal,0.0824999999999999
2385,Deobrat Singh,0.0824999999999999
2386,Saurab Paruthi,0.0824999999999999
2387,Singapore Angel Network.,0.0824999999999999
2388,Dinesh Agarwal,0.0
2389,Tata Capital Innovation Fund,41.25
2390,Jagdish Kumar,0.0
2391,Ankush Saigal,0.0
2392,Praveen Saini,0.0
2393,Lalitesh Katragadda,3.09375
2394,\\xc2\\xa0 Ganayantrika Systems,3.09375
2395,Arjun Handa,2.75
2396,Amit Jindal,2.75
2397,Nagendra Chaudhary,2.75
2398,Bhanu Vikram Parsotam,0.61875
2399,Rohan Desai and Paras Patel,0.61875
2400,SIDBI Venture Capital Limited,12.375
2401,Ankur Gupta,6.1875
2402,Myntra/LivSpace Founders,0.0
2403,Newbie Promoter Pvt Ltd,0.825
2404,Ctrip.com International Ltd,1485.0
2405,Krishna Jhujhunwala,0.4125
2406,Sanjay Mehta & Others,0.4125
2407,GBIM Technologies Pvt Ltd,0.37125
2408,Arun Chandra Mohan,8.25
2409,Nahata Family,22.275
2410,Waheed Alli,22.275
2411,Mato Peric,0.0
2412,TracxnLabs,0.0
2413,Ranjan Mahtani,0.0
2414,GIC,275.0
2415,Matt Mullenweg,0.0
2416,Adam D\\xe2\\x80\\x99Angelo,0.0
2417,\\xc2\\xa0 Ruchi Sanghvi & Others,0.0
2418,Vallabh Bhanshali,6.325
2419,N Squared Management LLC,6.325
2420,Jagdish & Sandeep Mehta Family Office,6.325
2421,Equity Crest,0.6875
2422,Vinners,0.6875
2423,Sparknext,0.6875
2424,March Capital,398.75
2425,Shiva Ashok & Other unnamed investors,0.825
2426,50k Ventures,0.0
2427,Munish Jauhar,0.0
2428,Pulkit Jain,0.0
2429,Rohit Narang,0.0
2430,Amod Malviya,0.0
2431,Mustafa Wajid,0.0
2432,Umang Kumar & Others,0.0
2433,Saavn,0.0
2434,Micromax,0.0
2435,Dhiraj Rajaram,0.0
2436,Ambiga Dhiraj,0.0
2437,Sanjay Nath,0.0
2438,Cipher-Plexus Capital Advisors & Indian HNIs,0.0
2439,Varun Khurana,0.4125
2440,Samar Singla,0.4125
2441,Vinay Bansal,0.4125
2442,\\xc2\\xa0 Vikas Malpani,0.0
2443,LV Prasad,0.0
2444,Times Group,0.0
2445,Abhinav Mathur,0.0
2446,Sanjay Mehta,5.5
2447,Huzaifa Khorakiwala,0.0
2448,Nirvana Digital Investment Holding,12.375
2449,RB Investments & existing investors,144.375
2450,Anand Chandrasekaran & Others,0.0
2451,Unilazer Fund,3.85
2452,\\xc2\\xa0 Phanindra Sama,3.85
2453,Peyush Bansal,3.85
2454,Umang Kumar,3.67125
2455,Lemelson Foundation,14.4375
2456,Undisclosed US Based Investors,33.0
2457,Sa\\xc3\\xafd Business School Seed Fund.,0.33
2458,Farooq Adam,0.0
2459,Ambi Parameswaran,0.0
2460,Rob Chandra,4.125
2461,SoftBank Corp,123.75
2462,Kanpur Angels & Others,1.65
2463,Taurus Value Creation,14.85
2464,Konly Venture,14.85
2465,Chandigarh Angels Funding,0.0
2466,Avnish Mehra,0.0
2467,Pranay Adhvaryu,0.0
2468,Ravi Sampat,0.0
2469,APIS Partners,288.75
2470,Institutional Venture Partners,61.875
2471,CRV,61.875
2472,Kalaari Capital and Inventus Capital,57.75
2473,GPA group,0.0
2474,Puneet Dalmia,33.0
2475,Lalit Mangal & Others,0.0
2476,Un disclosed investors,8.25
2477,Neeraj Goenka,0.6105
2478,Farooq Adam Mukadam,0.6105
2479,Mohit Saxena,0.6599999999999999
2480,Foxconn Technology Group & Others,0.0
2481,Harminder Sahni,0.0
2482,Sanjay Bakshi,0.0
2483,Maple Capital Advisors,0.0
2484,TermSheet,0.763125
2485,Tekton Ventures,10.621875
2486,Lead Angel Network,0.0
2487,Vineet Nalla,0.0
2488,Samir Shah,0.0
2489,Frontline Strategy,46.2
2490,Aarin Capital Partners,2.0625
2491,Lashit Sanghvi,1.7678571428571428
2492,Nikhil Vora,1.7678571428571428
2493,Venkat Vardhan,1.7678571428571428
2494,Mohammed Bin Abdul Rehman Al Khalifa,1.7678571428571428
2495,\\xc2\\xa0 Ralph Berezan,1.7678571428571428
2496,Vissal Mathew,1.7678571428571428
2497,\\xc2\\xa0 Balamurali Krishna,1.7678571428571428
2498,The Saha Fund,0.0
2499,CIO Angel Network (CAN),0.0
2500,Times Internet Ltd & One more Fund,82.5
2501,Chandigarh Angel Network (CAN),0.0
2502,Beerud Sheth and Ravi Mantha,0.0
2503,CerraCap,165.0
2504,\\xc2\\xa0 Lightbox Ventures,82.5
2505,Vidyadhar Sarfare,0.0
2506,Ajeet Khurana Jinesh Shah,0.6875
2507,Vikram Chachra,3.023625
2508,Gopal Aggarwal,0.825
2509,Shopclues,0.0
2510,Steven Lurie,5.5
2511,Accion,81.125
2512,Yuri Milner,147.32142857142856
2513,Apoletto,97.35
2514,Bren Corporation,41.25
2515,CLSA Capital Partners ARIA IV Funds,82.5
2516,Mr. Sudhir & Ms. Shalini Sethi,0.0
2517,Mr. Praveen Someshwar,0.0
2518,Mitesh Majithia,20.625
2519,Uniqorn Ventures and other,192.5
2520,Gabriel Investments,2.475
2521,Extreme Venture Partners\\xc2\\xa0 William Bissell,0.0
2522,Zoya Akhtar,1.375
2523,Reema Kagati,1.375
2524,Ruchi Narain,1.375
2525,Amrish Kumar,1.375
2526,Hrishikesh Parandekar,1.375
2527,Prashanth Ranganathan,1.65
2528,Infosys,24.75
2529,Singapore Angels Network,0.0
2530,Ru-Net Technology Partners,37.125
2531,Chicago Capital Ventures,5.5
2532,Unilazer,9.9
2533,Nisha Sharma,0.0
2534,Balaji Prabhakar,0.0
2535,SAIF Partners and others,247.5
2536,Allen Blue,2.003571428571429
2537,John Katzman,2.003571428571429
2538,Kartik Hosanagar,2.003571428571429
2539,Blue Fog Capital,2.003571428571429
2540,Kris Gopalakrishnan & Others,9.9
2541,Turning Ideas,0.4125
2542,Prahlad Rao,0.5499999999999999
2543,Sundara Rajan,0.5499999999999999
2544,TCS,4.125
2545,Kalpana Tatavarti,0.0
2546,Shivanandan Pare,0.0
2547,Murugappa Group,0.0
2548,Arathi Krishna,0.0
2549,Palred Technologies Ltd,24.75
2550,HT Digital Media Holdings Ltd,0.0
2551,Venture Nursery,3.09375
2552,BrahmaX Ventures,2.0625
2553,Medi Assist,8.25
2554,Vectr Ventures,0.0
2555,Unitus Impact Livelihoods Fund,20.625
2556,Collaborative Licensing Ventures LLP,2.49975
2557,Ruchir Arora & others,0.0
2558,Sharad Hegde,2.0625
2559,Girish Reddy,2.0625
2560,Siddharth Patil,2.0625
2561,Shrikant Patil,2.0625
2562,Tree Line Asia,69.7125
2563,Sahil Barua,0.4125
2564,Times Group Brand Capital,0.0
2565,Segnel Venture,5.892857142857143
2566,Shinji Kimura,5.892857142857143
2567,Sundar Chanrai,5.892857142857143
2568,JAFCO Asia,5.892857142857143
2569,SingTel\\xe2\\x80\\x99s Innov8,5.892857142857143
2570,Varun Ahuja,0.61875
2571,Anubhav Verma,0.61875
2572,Riqueza Capital,3.17625
2573,Dheeraj Jain & Others,4.125
2574,Constellation Technology Ventures (Exelon Corporation),34.2375
2575,E.ON,34.2375
2576,RWE,34.2375
2577,Neeraj Jawalkar,0.4714285714285714
2578,Sanjay Anandaram,0.4714285714285714
2579,Vineel Nalla & Others,1.2375
2580,SAIF Partners & others,0.0
2581,Ness Wadia,1.3475
2582,Saina Nehwal,0.0
2583,Chandralekha Construction Pvt. Ltd.,123.75
2584,Mike Galgon,0.5892857142857143
2585,Ravi Gururaj,1.6205357142857144
2586,Ashim Mehra,0.5892857142857143
2587,\\xc2\\xa0 Mohit Saxena,0.5892857142857143
2588,Internet Group,0.5892857142857143
2589,TNN Capital and others,0.5892857142857143
2590,BEENEXT Ventures,5.2250000000000005
2591,Jozef Bardik,0.61875
2592,Leo Wang Sangeeth Ram,0.61875
2593,TV Mohandas Pai\\xe2\\x80\\x99s family office,0.0
2594,Lensbridge Capital,1.65
2595,Mape Advisory Group,1.65
2596,Centre For Incubation & Business Acceleration (CIBA),0.0
2597,Goa,0.0
2598,Mount Nathan Advisors Pte Ltd,4.125
2599,Traxcn Labs,0.0
2600,50K Ventures & others,0.7425
2601,Logtally,0.0
2602,Global Founders Capital,60.225
2603,Gordon and Betty Moore Foundation,4.95
2604,Jitu Virwani,61.875
2605,Rimpal Chawla,0.825
2606,Ravi Krishnamurthy,4.3725
2607,Enablers platform,2.475
2608,Baillie Gifford,687.5
2609,Didi Kuaidi,935.0
2610,Inara Capital,0.0
2611,Rishi Khiani,0.0
2612,Palaash Ventures,0.0
2613,Blackstone Valley Group,0.0
2614,Raghu Vohra,0.0
2615,Aditya Dev Sood,0.0
2616,Kamal Bansal,0.0
2617,Bessemer Venture Partner,68.75
2618,Karnataka Semiconductor Venture Capital firm,4.125
2619,S.D. Shibulal,0.0
2620,Srinath Batni,0.0
2621,Professor Tarun Khanna,0.0
2622,\\xc2\\xa0 Ganapathy Venugopal.,0.0
2623,New Enterprise Associates,282.975
2624,Pradeep K Jaisingh,0.419375
2625,Sunil T V,0.419375
2626,Vijay Ghadge,0.419375
2627,Gurmeet Chahal & Others,0.419375
2628,Hampton Capital,24.75
2629,Dr. Pramath Raj Sinha,0.0
2630,Bijou Kurien,3.3000000000000003
2631,\\xc2\\xa0 Accel Partners India,8.25
2632,Anil Menon,0.825
2633,Swastika,2.0625
2634,Manish Gupta,0.0
2635,Ashok Agarwal,12.375
2636,Raghu Khanna,0.45375
2637,Sameer Gupta,0.45375
2638,IFC Everstone Group,222.75
2639,Cheetah Mobile,55.275
2640,Apoletto Managers,247.5
2641,M & S partners,2.75
2642,Powerhouse Ventures (USA).,2.75
2643,Tracxn,0.0
2644,Ashish Goenka & Others,0.0
2645,Anil Chopra,0.0
2646,JMR Infotech India Pvt Ltd,0.0
2647,Unigrowth Inc,0.0
2648,Mandeep Singh,0.0
2649,Jairaj Singh,0.0
2650,\\xc2\\xa0 Puneet Dalmia,2.990625
2651,FIH Mobile Ltd,0.0
2652,Delhivery,88.6875
2653,Foxconn,1393.5625
2654,Sargod Ventures,0.0
2655,Gaurav Dalmia,0.0
2656,Gagan Hasteer,0.0
2657,Ashish Todi,0.9625
2658,Abhinav Patodia,0.9625
2659,Kumar Shwetabh,0.9625
2660,Paytm (One97 communications),0.0
2661,Dalip Pathak,19.59375
2662,Michael Carlos,19.59375
2663,Peepul Capital,130.35
2664,DSG consumer Partners,4.125
2665,High Networth Individuals (undisclosed),1.2375
2666,Uniqorn ventures,2.8875
2667,ASP Consulting,2.8875
2668,Satyen Kothari,1.375
2669,Riddhesh Gandhi & Others,1.375
2670,Gaja Capital Private Equity Fund,82.5
2671,Unnamed Media house and HNIs,49.5
2672,High Networth Individuals from India & USA,24.75
2673,Snapdeal,165.0
2674,Peter Kabel & others,0.0
2675,Sanjeev Kapoor,8.25
2676,\\xc2\\xa0 Ravi Saxena & Others,8.25
2677,Life.SREDA,0.0
2678,Sequoia and Kalaari Capital.,82.5
2679,Vikas Agarwal,0.639375
2680,Sanjeev Kakkar,0.639375
2681,Smile Group,0.639375
2682,SF Capital Group,66.0
2683,Kemark Ventures,0.8250000000000001
2684,Zishaan Hayath and Others,0.8250000000000001
2685,Quikr,0.0
2686,Bedrock Ventures,4.125
2687,Suyash Sharma,0.63525
2688,Sean O\\xe2\\x80\\x99Sullivan & Others,1.5675
2689,IDG Ventures & Advantedge fund,0.0
2690,Leon Seynave,0.0
2691,European investment fund,4.125
2692,Micromax Informatics Ltd,0.0
2693,Roopak Taneja,0.0
2694,Manisha Gupta,0.0
2695,Mumbai Angels MAPE Advisory Group.,0.0
2696,Devesh Rai G,0.0
2697,Rajesh Aggarwal,0.0
2698,Amitpal Bhutani,0.0
2699,Vijai Laxmi,0.0
2700,Manpreet Singh,0.0
2701,Anupam Mittal & other marquee investors,0.0
2702,eContext Asia,51.5625
2703,Beenos Asia,51.5625
2704,Aarti Group,0.825
2705,Dr. Aniruddha Malpani Manish Gupta,0.0
2706,M&S Partners & others,0.0
2707,Sands Capital and Accel Partners,28.875
2708,Springboard Ventures,0.0
2709,Sierra Ventures,8.112499999999999
2710,Cota Capital,8.112499999999999
2711,Vegas Tech Fund,8.112499999999999
2712,RAAY Global Investments,6.31125
2713,Alok Bajpai,0.2749999999999999
2714,Rajnish Kumar,0.2749999999999999
2715,Amit Dey,0.2749999999999999
2716,Atul Jalan,2.64
2717,Shrikanth & Bharath,2.64
2718,R Natarajan,0.0
2719,Group of Angel investors,2.475
2720,Mayank Bhangdia,2.75
2721,ID Enablers Pvt Ltd,2.0625
2722,Oswal Techno Ventures LLP,3.3
2723,undisclosed private investors,4.125
2724,OrbiMed,206.25
2725,Pradip Dadha Group,206.25
2726,Ventureworks India,2.0625
2727,Unnamed investor,0.63525
2728,500 Startups & Other HNIs,4.5375
2729,Jupiter Capital,0.0
2730,Amit Singhal,1.85625
2731,PK Gulati & others,1.85625
2732,Suresh Vaswani,0.0
2733,Rajesh Bhatia,0.53625
2734,Dheeraj Mehta & Others,0.53625
2735,GREX,1.8975
2736,Puneet Bhatia & others,0.66
2737,Tania Johny Palathinkal,0.825
2738,Group of HNI investors,8.25
2739,Reliance Capital,7.425
2740,India Quotient & other investors,0.0
2741,\\xc2\\xa0 Lok Capital,66.0
2742,CMYK Health Boutique Pvt Ltd & Other individual investors,0.0
2743,R M Picture Company Pvt. Ltd.,1.2375
2744,Ashish Jhalani,0.825
2745,Karanpal Singh,16.5
2746,Ritu Kapur,2.475
2747,Nalin Jain,0.56375
2748,Shomil Pant,0.56375
2749,Dinesh Kundu & others,0.56375
2750,Temasek,247.5
2751,Tandem Capital,1.2705
2752,Aloke Bajpai,1.2705
2753,Beenextan investment fund,25.3
2754,Nanadan Nilekani,0.86625
2755,InMobi,0.86625
2756,Green House Ventures,1.65
2757,Ankush Nijhawan,2.68125
2758,Manish Dhingra,2.68125
2759,Gaurav Bhatnagar,2.68125
2760,Subodh Gupta,0.0
2761,Eight Road Ventures,123.75
2762,Ash Bhardwaj,0.0
2763,NY based Hedge Fund,464.0625
2764,Cataraman Ventures,16.5
2765,Anil Matai,2.75
2766,Vikram Tandon,2.75
2767,Shyam Sundar R & others,2.75
2768,Payal Syal,2.475
2769,Sandeep Dama & Others,0.0
2770,Oliphans Capital,7.8375
2771,Applyifi,0.0
2772,High Networth Individuals (No details),4.95
2773,Sachin Bansal & Binny Bansal,0.721875
2774,Sangram Singh,0.721875
2775,Subrata Mitra,2.371875
2776,Larry Braitman,2.371875
2777,Venk Krishna,2.371875
2778,Multiple investors,1.2375
2779,Naman Sarawagi,0.0
2780,Uday Punj,0.0
2781,Sanjeev Mehra,0.0
2782,Prakhar Bumb,0.0
2783,Rianta Capital,0.0
2784,Sunil Edwards,0.0
2785,Karan Bajwa,0.0
2786,Amanpreet Bajaj,0.0
2787,Manish Vij,0.0
2788,Swarnim Multiventures,6.6
2789,Bhavdeep Reddy,3.3
2790,Asha Jadeja Motwani & Others,2.475
2791,Rajat Malhotra,0.0
2792,Vijay Anand,0.0
2793,Mohandas Pai. Pallav Nadhani,0.0
2794,Singapore Angels Network & others,0.0
2795,William Bissell,6.1875
2796,Neeraj Aggarwal,6.1875
2797,Sateesh Andara & others,2.8875
2798,Smile Multimedia,0.6599999999999999
2799,Girish Matrubootham,0.6599999999999999
2800,Astarc Ventures & Others,0.0
2801,Mato Peric & Others,0.0
2802,Alibaba Group,2805.0
2803,Tennenbaum Capital Partners & Others,825.0
2804,SAIF Partners.,181.5
2805,Mayank Singhal and others,0.0
2806,Uniqorn Ventures,2.8875
2807,Rahul Khanna & Others,0.0
2808,Knoll Ventures and others,20.625
2809,Pranay Chulet,0.0
2810,Naveen Tiwari,0.6599999999999999
2811,Viktor Koenig PE Fund,2.75
2812,Mantra Ventures,2.75
2813,Mohandas Pai & others,3.3
2814,VentureNursery,0.0
2815,Zeeshan Hayat,0.0
2816,Niraj Singh,0.474375
2817,Nikunj Jain,0.66
2818,Punit Goyal,0.0
2819,\\xc2\\xa0 Lightspeed India,206.25
2820,Kunal Bajaj,2.68125
2821,Chandru Badrinarayanan,2.68125
2822,BedRock Ventures,1.375
2823,Shailesh Singh,1.375
2824,Ramesh Jogani,2.15875
2825,Shailesh Viswanathan,2.15875
2826,Jay Srinivasan,2.15875
2827,Gaurav Sharma,1.03125
2828,Viswanath Ramachandran,1.03125
2829,RippleWave,1.03125
2830,Sequoia Capital Global Equities,106.07142857142856
2831,Sanjay Sethi,0.0
2832,Ravi Jaipuria & others,0.0
2833,CCube Angels,0.0
2834,Intellecap Impact Investment Network,1.381875
2835,Indus Age Partners,0.721875
2836,India Internet Fund,0.721875
2837,Capricorn Investment Group,41.25
2838,Social+Capital,41.25
2839,Helion Advisors,41.25
2840,Berggruen Holdings,41.25
2841,Inflexionpoint,0.0
2842,Vindi Banga,0.0
2843,Wealth First,1.375
2844,Ashneer Grover,1.375
2845,Atul Phadnis,1.375
2846,responsAbility Investments,0.0
2847,Best Foodworks,0.0
2848,Nihon Kotsu,2.0625
2849,Neha Vats,0.33
2850,Gaurav Vats,0.33
2851,B M Gupta,0.0
2852,Vinod Singhal,0.0
2853,QPrize from Qualcomm Ventures,2.0625
2854,Others from LetsVenture,0.515625
2855,Reliance Capital Venture,8.25
2856,Jungle Ventures & Bessemer Venture Partners,33.0
2857,Ajeet Khurana & Others,0.825
2858,Deep Kalra,16.5
2859,Rajesh Magow,4.125
2860,Mohit Gupta,4.125
2861,Girish Mathrubootham &\\xc2\\xa0 Group of other Angel investors,1.03125
2862,Jitendra Gupta & others,0.825
2863,Gujarat based angel investors,1.010625
2864,MMY co-Founder,1.010625
2865,Group of angel investors,0.0
2866,Nalin Jain & other angel investors,1.815
2867,Vani Kola,0.0
2868,Karthee Madasamay,0.0
2869,family office fund,0.66
2870,Existing & New Investors,0.0
2871,Rohit Goel,0.0
2872,Prashant Malik,0.639375
2873,One97 Communications,0.0
2874,Milliways Ventures,2.75
2875,Naya Ventures,2.75
2876,Rohit Bhatia,0.0
2877,Sunil Nikhar,0.0
2878,Vaibhav Domkundwar,0.0
2879,Siddharth Nautiyal,0.0
2880,Blume Ventures & others,0.0
2881,Umesh Yadav,0.0
2882,Ankush Nijhawa,0.0
2883,AskMe,165.0
2884,Group of Angel Investors,5.28
2885,Rudy Gopalakrishnan,2.475
2886,Amit Ranjan & others,2.0625
2887,The 1947,2.475
2888,Ajmera Group of Companies,3.3
2889,Prime Capital Markets Ltd,0.0
2890,Anupam Mittal & others,0.0
2891,GrowX ventures,2.0625
2892,and Sahil Barua,2.0625
2893,Draper Fisher Jurvetson,6.6
2894,LetsVenture investors,1.1
2895,Group of Investors,0.0
2896,Ravi Agarwal,0.0
2897,Ibibo Group,0.0
2898,Growx Ventures,0.0
2899,Manish Singhal,1.2375
2900,Equentia Natural Resources,1.32
2901,Li Tao,0.0
2902,Li Jian,0.0
2903,Draphant Consultants,0.0
2904,Nitin Garg,0.0
2905,Saurabh Jain,0.0
2906,P39 Capital & Others,1.2375
2907,Nikhil Vora & others,0.0
2908,Mohit Satyanand & others,0.0
2909,Axon Partners,37.125
2910,Intel Capital,37.125
2911,Fidelity Growth Partners,354.75
2912,Mousse Partners,302.5
2913,Gokul Jaykrishna,4.125
2914,Ajeet Khurana & others,1.629375
2915,Pravin Agarwala & others,0.0
2916,Atulya Mittal,0.0
2917,Mangroves Capital Partners,12.375
2918,Vikas Saxena,12.375
2919,DMG information Asia Pacific,41.25
2920,Globeinvestor,0.0
2921,Abhishekh Goyal,0.0
2922,Siddharth Parekh,0.0
2923,Jaydeep Barman,0.0
2924,Liberty Media,137.5
2925,Quilvest,137.5
2926,Sunrise Capital GmBH,45.375
2927,Big Data Investments B.V,45.375
2928,Amarpreet Sawhney,49.5
2929,Deshpande Foundation,49.5
2930,Fred Khosravi,49.5
2931,Richard S. Braddock,49.5
2932,Not Disclosed,0.165
2933,Mirah Hospitality,3.8775
2934,Shailesh Mehta,20.625
2935,Empire Angels,30.25
2936,NGP,30.25
2937,Ritesh Veera,0.61875
2938,HR Technology fund,61.875
2939,Tamarind Family Private Trust,4.125
2940,Uday Shankar,0.0
2941,Chetan Bhagat,0.0
2942,Sudhir Rao & Others,2.8875
2943,Sumit Gandhi,0.4125
2944,Manish Gandhi,0.4125
2945,Orios Venture Partners.,61.875
2946,New India Investment Corporation,20.00625
2947,Deepak Singh,0.0
2948,Vriddhi Fund,2.75
2949,India Value Fund Advisors,247.5
2950,Jayant Bokadia,2.64
2951,AB Kinnevik,165.0
2952,Coatue Management,165.0
2953,YourWeCan Ventures,0.0
2954,\\xc2\\xa0 Manish Singhal,0.0
2955,Varun Agarwal & Others,0.0
2956,Bertelsmann India Investments Norwest Venture Partners.,275.0
2957,Steadview Capital and existing investors,5775.0
2958,Traxcn Labs & Others,5.3625
2959,Sandeep Parwal,4.125
2960,Krishan Gupta & Others,4.125
2961,Sherpalo Ventures,4.125
2962,\\xc2\\xa0 Mohandas Pai,4.125
2963,Sachin and Binny Bansal,6.6000000000000005
2964,Malvinder and Shivinder Singh,6.6000000000000005
2965,Gurpreet Singh & others,6.6000000000000005
2966,\\xc2\\xa0 Tiger Global Management & others,137.5
2967,LionRock Capital,4.95
2968,Elliot Stechman,0.4619999999999999
2969,Gautam Sinha,0.4619999999999999
2970,Ambarish Ray,0.4619999999999999
2971,B S Nagesh,0.0
2972,\\xc2\\xa0 Aprameya Radhakrishna,0.0
2973,Jai Choi,1.375
2974,Kiyohiro Sugashita,1.375
2975,Hirokazu,1.375
2976,Oliphabs Capital,16.5
2977,Saama Capital.,24.75
2978,Group of 15 Angel Investors,2.8875
2979,Nikunj Jhaveri,2.0625
2980,Srinivas Tirupati,4.125
2981,Carrick Capital Partners,288.75
2982,Mumbai Angels & Other angel investors,2.8875
2983,Ennovent Impact Investment Holding,0.0
2984,Mark Mobius & 9 Other Angel investors,0.0
2985,DMG Information,24.75
2986,Singapore Angel Network & Aseem Vadehra,0.309375
2987,\\xc2\\xa0 Arjun Malhotra,0.0
2988,Gautam Gandhi,0.0
2989,Virendra Shahney,1.03125
2990,Dr Paresh Doshi,1.03125
2991,\\xc2\\xa0 Nirvana Ventures Advisors,82.5
2992,Morgan Stanley,412.5
2993,Fidelity Biosciences,41.25
2994,Snow Leopard,20.625
2995,Natarajan Iyer,0.0
2996,\\xc2\\xa0 & other Angel investors.,0.0
2997,Future Fund,110.0
2998,Bessemer Venture,110.0
2999,Capricorn Investment and IFC,110.0
3000,KCL,1.155
3001,SVP Fly Dubai & Others,0.0
3002,\\xc2\\xa0 Viswanath Ramachandran,0.9625
3003,M&S Partners Pte. Ltd,2.0625
3004,i2india Pvt Ltd,4.125
3005,Low Carbon Enterprise Fund,0.0
3006,Mahesh Pratapneni,2.0625
3007,Pallab Chatterjee & others,2.0625
3008,Patni Family Office,0.0
3009,Karan Maheshwari,0.0
3010,Kishor Ganji,0.0
3011,Roopa Nath,0.0
3012,LGT Group,22.55
3013,Asian Healthcare fund,22.55
3014,Neoteric Infomatique Limited,24.75
3015,ASK Pravi,41.25
3016,Gopal Srinivasan,0.0
3017,Sashi Reddy,0.0
3018,Sunil Maheshwari & group of investors,0.0
3019,Foundation Capital,30.25
3020,Group of Angel Investors from US/India,0.99
3021,Bunny Bansal & other investors,41.25
3022,Raju Reddy,8.25
3023,Sprout Angels LLP,0.0
3024,AngelPrime,8.25
3025,Dr David Cheriton,0.0
3026,Holostik Group,1.375
3027,Mercury Fund,1.03125
3028,Anshu Sharma,1.03125
3029,Pratyush Prasanna,1.03125
3030,Robert Winters & others,1.03125
3031,Development finance institution Belgian Investment Company,35.475
3032,\\xc2\\xa0 Accel Partners,41.25
3033,Mape Advisory,8.25
3034,Manish Dugar,0.6599999999999999
3035,Angie Mahtaney,0.0
3036,Omidiyar Network,0.0
3037,Blume Ventures and Ujama,0.0
3038,Commonfloor,20.625
3039,Sameer Koticha,12.375
3040,Anand Vijay,0.1178571428571428
3041,Nipun Dureja,0.1178571428571428
3042,Satyajit Heeralal,0.1178571428571428
3043,Keith Rodricks,0.1178571428571428
3044,Gaurav Lochan,0.1178571428571428
3045,Azmul Haque,0.1178571428571428
3046,Nikhil Bagri,0.1178571428571428
3047,Rajiv Nayan,1.5125
3048,Viraj Tyagi & others,1.65
3049,Vishwas Patel,0.0
3050,Multiples Alternate Asset Management,175.3125
3051,\\xc2\\xa0 Helion Ventures,27.5
3052,S.Gopalakrishnan,4.125
3053,Florida based Angel investor,1.2375
3054,Praveen Sinha,8.25
3055,Prototyze,0.0
3056,Rajendra Gogri,8.25
3057,\\xc2\\xa0 Chandrakant Gogri,8.25
3058,Teru Sato,0.0
3059,Venkatesh Valluri,0.0
3060,KJS Group,41.25
3061,Jay Sethuram,0.556875
3062,Hemant Kanakia,0.556875
3063,Ravi Trivedi,0.556875
3064,Subhash Goyal,3.8775
3065,Peesh Venture Capital,8.25
3066,SAIF partners,82.5
3067,Sunergy Investors,0.0
3068,Anoop Goyal,1.2890625
3069,Mike Shah,1.2890625
3070,VA Sastry,1.2890625
3071,Sandiep Shrivatsava,4.125
3072,i2india Ventures,4.125
3073,Jan Manten,0.0
3074,Nirvana Venture Advisors,16.5
3075,Manipal Group,1.65
3076,Tim Chen,0.7425
3077,Sanjay Venkat,0.7425
3078,Rajesh Sawheny,0.165
3079,AECAL,0.165
3080,MeraEvents.,0.165
3081,Amit Tyagi,0.680625
3082,Sandeep Acharya & others,0.680625
3083,Investment AB Kinnevik,412.5
3084,Jason Hirschhorn,4.5375
3085,Jarett Posner,4.5375
3086,and Amit Bhatiani,4.5375
3087,Ajit Surana,0.0
3088,Silicon Valley Ventures,13.75
3089,NEA Ventures,13.75
3090,\\xc2\\xa0 SAIF Partners,13.75
3091,Cisco Investments,51.5625
3092,American Express,51.5625
3093,Ajai Chowdhry,0.4125
3094,\\nNitin Singhal & Others,0.4125
3095,Sarvesh Shahra & Others,5.5
3096,Hyderabad based investor,1.36125
3097,Helion Venture Partner,2.475
3098,GSF and Other angel investors,2.475
3099,Dragoneer Investment,20.625
3100,Intel Capital & Kae Capital,12.375
3101,Google Capital & Accel Partners,206.25
3102,GIC ventures,231.0
3103,The Phoenix Fund,0.0
3104,Pearson Learning Fund,6.1875
3105,Nexus venture Partners,37.125
3106,GFC,37.125
3107,Version One Ventures,4.95
3108,Nexus Venture Partners and Arena Ventures,4.95
3109,Vikas Taneja & others,4.125
3110,Deepak Shahdadpuri,0.0
3111,Gulpreet Kohli,0.0
3112,Accel US,33.0
3113,S S Mukherji & Others,2.8875
3114,Ah! Ventures,1.1
3115,\\xc2\\xa0 91SpringBoard,1.1
3116,Infuse Ventures fund,0.0
3117,SEEK Ltd & affiliates,82.5
3118,Cross Border Angels & others,2.0625
3119,Mitsui & Co & existing investors,177.375
3120,Bessemer Ventures,4.125
3121,Alok Goel,0.0
3122,Amit Agrawal,0.0
3123,Vinay Goel,0.0
3124,Gaurav Munjal,0.0
3125,Ashish Dev Kapur,0.0
